{
"type": "FeatureCollection",
"name": "rail_transit_stations",
"crs": { "type": "name", "properties": { "name": "urn:ogc:def:crs:EPSG::2263" } },
"features": [
{ "type": "Feature", "properties": { "cartodb_id": 1, "layer": "MNR_and_LIRR_stations", "path": "/Users/stephanepierre/Downloads/MNR_and_LIRR_stations.geojson" }, "geometry": { "type": "Point", "coordinates": [ 990606.810789949842729, 213615.196713505225489 ] } },
{ "type": "Feature", "properties": { "cartodb_id": 2, "layer": "MNR_and_LIRR_stations", "path": "/Users/stephanepierre/Downloads/MNR_and_LIRR_stations.geojson" }, "geometry": { "type": "Point", "coordinates": [ 1001096.156634221202694, 232623.479690818814561 ] } },
{ "type": "Feature", "properties": { "cartodb_id": 3, "layer": "MNR_and_LIRR_stations", "path": "/Users/stephanepierre/Downloads/MNR_and_LIRR_stations.geojson" }, "geometry": { "type": "Point", "coordinates": [ 1006496.459335264400579, 250514.927838995790808 ] } },
{ "type": "Feature", "properties": { "cartodb_id": 4, "layer": "MNR_and_LIRR_stations", "path": "/Users/stephanepierre/Downloads/MNR_and_LIRR_stations.geojson" }, "geometry": { "type": "Point", "coordinates": [ 1008281.491073229000904, 253429.882685064163525 ] } },
{ "type": "Feature", "properties": { "cartodb_id": 5, "layer": "MNR_and_LIRR_stations", "path": "/Users/stephanepierre/Downloads/MNR_and_LIRR_stations.geojson" }, "geometry": { "type": "Point", "coordinates": [ 1008879.738568531698547, 257833.517627141991397 ] } },
{ "type": "Feature", "properties": { "cartodb_id": 6, "layer": "MNR_and_LIRR_stations", "path": "/Users/stephanepierre/Downloads/MNR_and_LIRR_stations.geojson" }, "geometry": { "type": "Point", "coordinates": [ 1005970.749542049481533, 259256.023358056787401 ] } },
{ "type": "Feature", "properties": { "cartodb_id": 7, "layer": "MNR_and_LIRR_stations", "path": "/Users/stephanepierre/Downloads/MNR_and_LIRR_stations.geojson" }, "geometry": { "type": "Point", "coordinates": [ 1007988.315106191323139, 268634.579844340216368 ] } },
{ "type": "Feature", "properties": { "cartodb_id": 8, "layer": "MNR_and_LIRR_stations", "path": "/Users/stephanepierre/Downloads/MNR_and_LIRR_stations.geojson" }, "geometry": { "type": "Point", "coordinates": [ 1010609.965566801372916, 276285.197762864350807 ] } },
{ "type": "Feature", "properties": { "cartodb_id": 9, "layer": "MNR_and_LIRR_stations", "path": "/Users/stephanepierre/Downloads/MNR_and_LIRR_stations.geojson" }, "geometry": { "type": "Point", "coordinates": [ 1011142.79824248875957, 280229.069464220374357 ] } },
{ "type": "Feature", "properties": { "cartodb_id": 10, "layer": "MNR_and_LIRR_stations", "path": "/Users/stephanepierre/Downloads/MNR_and_LIRR_stations.geojson" }, "geometry": { "type": "Point", "coordinates": [ 1012132.963561773882248, 285586.412884245626628 ] } },
{ "type": "Feature", "properties": { "cartodb_id": 11, "layer": "MNR_and_LIRR_stations", "path": "/Users/stephanepierre/Downloads/MNR_and_LIRR_stations.geojson" }, "geometry": { "type": "Point", "coordinates": [ 1014883.171245653647929, 293681.492238652368542 ] } },
{ "type": "Feature", "properties": { "cartodb_id": 12, "layer": "MNR_and_LIRR_stations", "path": "/Users/stephanepierre/Downloads/MNR_and_LIRR_stations.geojson" }, "geometry": { "type": "Point", "coordinates": [ 1016131.287462190608494, 301481.59393067570636 ] } },
{ "type": "Feature", "properties": { "cartodb_id": 13, "layer": "MNR_and_LIRR_stations", "path": "/Users/stephanepierre/Downloads/MNR_and_LIRR_stations.geojson" }, "geometry": { "type": "Point", "coordinates": [ 1017508.446321873459965, 308169.265050952206366 ] } },
{ "type": "Feature", "properties": { "cartodb_id": 14, "layer": "MNR_and_LIRR_stations", "path": "/Users/stephanepierre/Downloads/MNR_and_LIRR_stations.geojson" }, "geometry": { "type": "Point", "coordinates": [ 1018314.703796376241371, 313176.20971640269272 ] } },
{ "type": "Feature", "properties": { "cartodb_id": 15, "layer": "MNR_and_LIRR_stations", "path": "/Users/stephanepierre/Downloads/MNR_and_LIRR_stations.geojson" }, "geometry": { "type": "Point", "coordinates": [ 1019262.114565092721023, 318203.805343333864585 ] } },
{ "type": "Feature", "properties": { "cartodb_id": 16, "layer": "MNR_and_LIRR_stations", "path": "/Users/stephanepierre/Downloads/MNR_and_LIRR_stations.geojson" }, "geometry": { "type": "Point", "coordinates": [ 1021591.936855970416218, 331498.948403006943408 ] } },
{ "type": "Feature", "properties": { "cartodb_id": 17, "layer": "MNR_and_LIRR_stations", "path": "/Users/stephanepierre/Downloads/MNR_and_LIRR_stations.geojson" }, "geometry": { "type": "Point", "coordinates": [ 1020150.425289970240556, 338218.05027565069031 ] } },
{ "type": "Feature", "properties": { "cartodb_id": 18, "layer": "MNR_and_LIRR_stations", "path": "/Users/stephanepierre/Downloads/MNR_and_LIRR_stations.geojson" }, "geometry": { "type": "Point", "coordinates": [ 1021117.768009029445238, 353101.046682184503879 ] } },
{ "type": "Feature", "properties": { "cartodb_id": 19, "layer": "MNR_and_LIRR_stations", "path": "/Users/stephanepierre/Downloads/MNR_and_LIRR_stations.geojson" }, "geometry": { "type": "Point", "coordinates": [ 1020246.943152647931129, 361079.269546407973394 ] } },
{ "type": "Feature", "properties": { "cartodb_id": 20, "layer": "MNR_and_LIRR_stations", "path": "/Users/stephanepierre/Downloads/MNR_and_LIRR_stations.geojson" }, "geometry": { "type": "Point", "coordinates": [ 1016620.13913962780498, 372821.257580518547911 ] } },
{ "type": "Feature", "properties": { "cartodb_id": 21, "layer": "MNR_and_LIRR_stations", "path": "/Users/stephanepierre/Downloads/MNR_and_LIRR_stations.geojson" }, "geometry": { "type": "Point", "coordinates": [ 1005732.452155020087957, 393343.502694681228604 ] } },
{ "type": "Feature", "properties": { "cartodb_id": 22, "layer": "MNR_and_LIRR_stations", "path": "/Users/stephanepierre/Downloads/MNR_and_LIRR_stations.geojson" }, "geometry": { "type": "Point", "coordinates": [ 1003373.480412701843306, 407808.258053700614255 ] } },
{ "type": "Feature", "properties": { "cartodb_id": 23, "layer": "MNR_and_LIRR_stations", "path": "/Users/stephanepierre/Downloads/MNR_and_LIRR_stations.geojson" }, "geometry": { "type": "Point", "coordinates": [ 992372.340093250270002, 424796.29840408579912 ] } },
{ "type": "Feature", "properties": { "cartodb_id": 24, "layer": "MNR_and_LIRR_stations", "path": "/Users/stephanepierre/Downloads/MNR_and_LIRR_stations.geojson" }, "geometry": { "type": "Point", "coordinates": [ 998740.001882491982542, 442719.350000476231799 ] } },
{ "type": "Feature", "properties": { "cartodb_id": 25, "layer": "MNR_and_LIRR_stations", "path": "/Users/stephanepierre/Downloads/MNR_and_LIRR_stations.geojson" }, "geometry": { "type": "Point", "coordinates": [ 995746.000966901192442, 454925.874227740743663 ] } },
{ "type": "Feature", "properties": { "cartodb_id": 26, "layer": "MNR_and_LIRR_stations", "path": "/Users/stephanepierre/Downloads/MNR_and_LIRR_stations.geojson" }, "geometry": { "type": "Point", "coordinates": [ 989061.63913548970595, 467640.226268284604885 ] } },
{ "type": "Feature", "properties": { "cartodb_id": 27, "layer": "MNR_and_LIRR_stations", "path": "/Users/stephanepierre/Downloads/MNR_and_LIRR_stations.geojson" }, "geometry": { "type": "Point", "coordinates": [ 988488.195497288252227, 487254.291592359135393 ] } },
{ "type": "Feature", "properties": { "cartodb_id": 28, "layer": "MNR_and_LIRR_stations", "path": "/Users/stephanepierre/Downloads/MNR_and_LIRR_stations.geojson" }, "geometry": { "type": "Point", "coordinates": [ 998688.282060392666608, 517664.905612866044976 ] } },
{ "type": "Feature", "properties": { "cartodb_id": 29, "layer": "MNR_and_LIRR_stations", "path": "/Users/stephanepierre/Downloads/MNR_and_LIRR_stations.geojson" }, "geometry": { "type": "Point", "coordinates": [ 1001196.661685652448796, 560811.058843248756602 ] } },
{ "type": "Feature", "properties": { "cartodb_id": 30, "layer": "MNR_and_LIRR_stations", "path": "/Users/stephanepierre/Downloads/MNR_and_LIRR_stations.geojson" }, "geometry": { "type": "Point", "coordinates": [ 1007710.442961007123813, 240135.753770840354264 ] } },
{ "type": "Feature", "properties": { "cartodb_id": 31, "layer": "MNR_and_LIRR_stations", "path": "/Users/stephanepierre/Downloads/MNR_and_LIRR_stations.geojson" }, "geometry": { "type": "Point", "coordinates": [ 1012041.28549673082307, 247988.15286066030967 ] } },
{ "type": "Feature", "properties": { "cartodb_id": 32, "layer": "MNR_and_LIRR_stations", "path": "/Users/stephanepierre/Downloads/MNR_and_LIRR_stations.geojson" }, "geometry": { "type": "Point", "coordinates": [ 1014516.537922348361462, 253164.356582495442126 ] } },
{ "type": "Feature", "properties": { "cartodb_id": 33, "layer": "MNR_and_LIRR_stations", "path": "/Users/stephanepierre/Downloads/MNR_and_LIRR_stations.geojson" }, "geometry": { "type": "Point", "coordinates": [ 1016580.628216381883249, 255008.758563463430619 ] } },
{ "type": "Feature", "properties": { "cartodb_id": 34, "layer": "MNR_and_LIRR_stations", "path": "/Users/stephanepierre/Downloads/MNR_and_LIRR_stations.geojson" }, "geometry": { "type": "Point", "coordinates": [ 1019905.689644251018763, 259390.602115983696422 ] } },
{ "type": "Feature", "properties": { "cartodb_id": 35, "layer": "MNR_and_LIRR_stations", "path": "/Users/stephanepierre/Downloads/MNR_and_LIRR_stations.geojson" }, "geometry": { "type": "Point", "coordinates": [ 1022149.346536719240248, 265512.014805681596044 ] } },
{ "type": "Feature", "properties": { "cartodb_id": 36, "layer": "MNR_and_LIRR_stations", "path": "/Users/stephanepierre/Downloads/MNR_and_LIRR_stations.geojson" }, "geometry": { "type": "Point", "coordinates": [ 1024143.522076908033341, 269368.130754908255767 ] } },
{ "type": "Feature", "properties": { "cartodb_id": 37, "layer": "MNR_and_LIRR_stations", "path": "/Users/stephanepierre/Downloads/MNR_and_LIRR_stations.geojson" }, "geometry": { "type": "Point", "coordinates": [ 1025397.68545914022252, 271631.33799184608506 ] } },
{ "type": "Feature", "properties": { "cartodb_id": 38, "layer": "MNR_and_LIRR_stations", "path": "/Users/stephanepierre/Downloads/MNR_and_LIRR_stations.geojson" }, "geometry": { "type": "Point", "coordinates": [ 1028607.535326240584254, 277046.773871239565779 ] } },
{ "type": "Feature", "properties": { "cartodb_id": 39, "layer": "MNR_and_LIRR_stations", "path": "/Users/stephanepierre/Downloads/MNR_and_LIRR_stations.geojson" }, "geometry": { "type": "Point", "coordinates": [ 1029779.276591005851515, 281708.908678310341202 ] } },
{ "type": "Feature", "properties": { "cartodb_id": 40, "layer": "MNR_and_LIRR_stations", "path": "/Users/stephanepierre/Downloads/MNR_and_LIRR_stations.geojson" }, "geometry": { "type": "Point", "coordinates": [ 1031165.50515832065139, 285214.004354797827546 ] } },
{ "type": "Feature", "properties": { "cartodb_id": 41, "layer": "MNR_and_LIRR_stations", "path": "/Users/stephanepierre/Downloads/MNR_and_LIRR_stations.geojson" }, "geometry": { "type": "Point", "coordinates": [ 1033810.824324582703412, 288718.457744726212695 ] } },
{ "type": "Feature", "properties": { "cartodb_id": 42, "layer": "MNR_and_LIRR_stations", "path": "/Users/stephanepierre/Downloads/MNR_and_LIRR_stations.geojson" }, "geometry": { "type": "Point", "coordinates": [ 1037081.908899604575709, 299718.102817967766896 ] } },
{ "type": "Feature", "properties": { "cartodb_id": 43, "layer": "MNR_and_LIRR_stations", "path": "/Users/stephanepierre/Downloads/MNR_and_LIRR_stations.geojson" }, "geometry": { "type": "Point", "coordinates": [ 1040439.582711060531437, 307437.138362186669838 ] } },
{ "type": "Feature", "properties": { "cartodb_id": 44, "layer": "MNR_and_LIRR_stations", "path": "/Users/stephanepierre/Downloads/MNR_and_LIRR_stations.geojson" }, "geometry": { "type": "Point", "coordinates": [ 1046269.469162981607951, 315560.420624061196577 ] } },
{ "type": "Feature", "properties": { "cartodb_id": 45, "layer": "MNR_and_LIRR_stations", "path": "/Users/stephanepierre/Downloads/MNR_and_LIRR_stations.geojson" }, "geometry": { "type": "Point", "coordinates": [ 1046823.220766187296249, 321834.923161449143663 ] } },
{ "type": "Feature", "properties": { "cartodb_id": 46, "layer": "MNR_and_LIRR_stations", "path": "/Users/stephanepierre/Downloads/MNR_and_LIRR_stations.geojson" }, "geometry": { "type": "Point", "coordinates": [ 1046951.219475305406377, 330220.161632174975239 ] } },
{ "type": "Feature", "properties": { "cartodb_id": 47, "layer": "MNR_and_LIRR_stations", "path": "/Users/stephanepierre/Downloads/MNR_and_LIRR_stations.geojson" }, "geometry": { "type": "Point", "coordinates": [ 1041079.627663554041646, 338606.96675304195378 ] } },
{ "type": "Feature", "properties": { "cartodb_id": 48, "layer": "MNR_and_LIRR_stations", "path": "/Users/stephanepierre/Downloads/MNR_and_LIRR_stations.geojson" }, "geometry": { "type": "Point", "coordinates": [ 1040399.618148655048572, 343234.187292947433889 ] } },
{ "type": "Feature", "properties": { "cartodb_id": 49, "layer": "MNR_and_LIRR_stations", "path": "/Users/stephanepierre/Downloads/MNR_and_LIRR_stations.geojson" }, "geometry": { "type": "Point", "coordinates": [ 1041365.693910461384803, 352943.383996279211715 ] } },
{ "type": "Feature", "properties": { "cartodb_id": 50, "layer": "MNR_and_LIRR_stations", "path": "/Users/stephanepierre/Downloads/MNR_and_LIRR_stations.geojson" }, "geometry": { "type": "Point", "coordinates": [ 1046241.100078051094897, 361260.348504067282192 ] } },
{ "type": "Feature", "properties": { "cartodb_id": 51, "layer": "MNR_and_LIRR_stations", "path": "/Users/stephanepierre/Downloads/MNR_and_LIRR_stations.geojson" }, "geometry": { "type": "Point", "coordinates": [ 1058605.963079892797396, 379596.358674750372302 ] } },
{ "type": "Feature", "properties": { "cartodb_id": 52, "layer": "MNR_and_LIRR_stations", "path": "/Users/stephanepierre/Downloads/MNR_and_LIRR_stations.geojson" }, "geometry": { "type": "Point", "coordinates": [ 1066781.152742959558964, 390216.696498934354167 ] } },
{ "type": "Feature", "properties": { "cartodb_id": 53, "layer": "MNR_and_LIRR_stations", "path": "/Users/stephanepierre/Downloads/MNR_and_LIRR_stations.geojson" }, "geometry": { "type": "Point", "coordinates": [ 1071092.406847685342655, 398334.07655211846577 ] } },
{ "type": "Feature", "properties": { "cartodb_id": 54, "layer": "MNR_and_LIRR_stations", "path": "/Users/stephanepierre/Downloads/MNR_and_LIRR_stations.geojson" }, "geometry": { "type": "Point", "coordinates": [ 1072832.94203327759169, 411015.643990591575857 ] } },
{ "type": "Feature", "properties": { "cartodb_id": 55, "layer": "MNR_and_LIRR_stations", "path": "/Users/stephanepierre/Downloads/MNR_and_LIRR_stations.geojson" }, "geometry": { "type": "Point", "coordinates": [ 1077898.1101124570705, 422489.870258463372011 ] } },
{ "type": "Feature", "properties": { "cartodb_id": 56, "layer": "MNR_and_LIRR_stations", "path": "/Users/stephanepierre/Downloads/MNR_and_LIRR_stations.geojson" }, "geometry": { "type": "Point", "coordinates": [ 1076986.111970000434667, 430483.483082255115733 ] } },
{ "type": "Feature", "properties": { "cartodb_id": 57, "layer": "MNR_and_LIRR_stations", "path": "/Users/stephanepierre/Downloads/MNR_and_LIRR_stations.geojson" }, "geometry": { "type": "Point", "coordinates": [ 1088572.950885318685323, 447565.412000205833465 ] } },
{ "type": "Feature", "properties": { "cartodb_id": 58, "layer": "MNR_and_LIRR_stations", "path": "/Users/stephanepierre/Downloads/MNR_and_LIRR_stations.geojson" }, "geometry": { "type": "Point", "coordinates": [ 1087450.187277874676511, 454386.743796286638826 ] } },
{ "type": "Feature", "properties": { "cartodb_id": 59, "layer": "MNR_and_LIRR_stations", "path": "/Users/stephanepierre/Downloads/MNR_and_LIRR_stations.geojson" }, "geometry": { "type": "Point", "coordinates": [ 1092555.560911681968719, 490347.915092686191201 ] } },
{ "type": "Feature", "properties": { "cartodb_id": 60, "layer": "MNR_and_LIRR_stations", "path": "/Users/stephanepierre/Downloads/MNR_and_LIRR_stations.geojson" }, "geometry": { "type": "Point", "coordinates": [ 1093580.57012993353419, 509439.721694377716631 ] } },
{ "type": "Feature", "properties": { "cartodb_id": 61, "layer": "MNR_and_LIRR_stations", "path": "/Users/stephanepierre/Downloads/MNR_and_LIRR_stations.geojson" }, "geometry": { "type": "Point", "coordinates": [ 1099469.03252941952087, 526451.056506716762669 ] } },
{ "type": "Feature", "properties": { "cartodb_id": 62, "layer": "MNR_and_LIRR_stations", "path": "/Users/stephanepierre/Downloads/MNR_and_LIRR_stations.geojson" }, "geometry": { "type": "Point", "coordinates": [ 1101406.943816433427855, 536196.063142713508569 ] } },
{ "type": "Feature", "properties": { "cartodb_id": 63, "layer": "MNR_and_LIRR_stations", "path": "/Users/stephanepierre/Downloads/MNR_and_LIRR_stations.geojson" }, "geometry": { "type": "Point", "coordinates": [ 1099844.608450690051541, 573680.050633774371818 ] } },
{ "type": "Feature", "properties": { "cartodb_id": 64, "layer": "MNR_and_LIRR_stations", "path": "/Users/stephanepierre/Downloads/MNR_and_LIRR_stations.geojson" }, "geometry": { "type": "Point", "coordinates": [ 1030633.764545776182786, 271647.737497965048533 ] } },
{ "type": "Feature", "properties": { "cartodb_id": 65, "layer": "MNR_and_LIRR_stations", "path": "/Users/stephanepierre/Downloads/MNR_and_LIRR_stations.geojson" }, "geometry": { "type": "Point", "coordinates": [ 1036700.224033307982609, 270989.743400390609168 ] } },
{ "type": "Feature", "properties": { "cartodb_id": 66, "layer": "MNR_and_LIRR_stations", "path": "/Users/stephanepierre/Downloads/MNR_and_LIRR_stations.geojson" }, "geometry": { "type": "Point", "coordinates": [ 1044005.8548848683713, 271474.504316387232393 ] } },
{ "type": "Feature", "properties": { "cartodb_id": 67, "layer": "MNR_and_LIRR_stations", "path": "/Users/stephanepierre/Downloads/MNR_and_LIRR_stations.geojson" }, "geometry": { "type": "Point", "coordinates": [ 1050621.830449214670807, 279430.438959648425225 ] } },
{ "type": "Feature", "properties": { "cartodb_id": 68, "layer": "MNR_and_LIRR_stations", "path": "/Users/stephanepierre/Downloads/MNR_and_LIRR_stations.geojson" }, "geometry": { "type": "Point", "coordinates": [ 1057138.546926846262068, 286979.113964446587488 ] } },
{ "type": "Feature", "properties": { "cartodb_id": 69, "layer": "MNR_and_LIRR_stations", "path": "/Users/stephanepierre/Downloads/MNR_and_LIRR_stations.geojson" }, "geometry": { "type": "Point", "coordinates": [ 1063517.783929675584659, 292599.534714903158601 ] } },
{ "type": "Feature", "properties": { "cartodb_id": 70, "layer": "MNR_and_LIRR_stations", "path": "/Users/stephanepierre/Downloads/MNR_and_LIRR_stations.geojson" }, "geometry": { "type": "Point", "coordinates": [ 1071894.261961554875597, 298636.519098164280877 ] } },
{ "type": "Feature", "properties": { "cartodb_id": 71, "layer": "MNR_and_LIRR_stations", "path": "/Users/stephanepierre/Downloads/MNR_and_LIRR_stations.geojson" }, "geometry": { "type": "Point", "coordinates": [ 1076802.633129329653457, 304050.816161072114483 ] } },
{ "type": "Feature", "properties": { "cartodb_id": 72, "layer": "MNR_and_LIRR_stations", "path": "/Users/stephanepierre/Downloads/MNR_and_LIRR_stations.geojson" }, "geometry": { "type": "Point", "coordinates": [ 1087833.462408190127462, 311581.160275369358715 ] } },
{ "type": "Feature", "properties": { "cartodb_id": 73, "layer": "MNR_and_LIRR_stations", "path": "/Users/stephanepierre/Downloads/MNR_and_LIRR_stations.geojson" }, "geometry": { "type": "Point", "coordinates": [ 1095080.007767593953758, 314853.852967505459674 ] } },
{ "type": "Feature", "properties": { "cartodb_id": 74, "layer": "MNR_and_LIRR_stations", "path": "/Users/stephanepierre/Downloads/MNR_and_LIRR_stations.geojson" }, "geometry": { "type": "Point", "coordinates": [ 1097873.159647960448638, 315417.356437301554251 ] } },
{ "type": "Feature", "properties": { "cartodb_id": 75, "layer": "MNR_and_LIRR_stations", "path": "/Users/stephanepierre/Downloads/MNR_and_LIRR_stations.geojson" }, "geometry": { "type": "Point", "coordinates": [ 1104025.691709363600239, 316224.948277866118588 ] } },
{ "type": "Feature", "properties": { "cartodb_id": 76, "layer": "MNR_and_LIRR_stations", "path": "/Users/stephanepierre/Downloads/MNR_and_LIRR_stations.geojson" }, "geometry": { "type": "Point", "coordinates": [ 1110350.389353981474414, 320918.695326992776245 ] } },
{ "type": "Feature", "properties": { "cartodb_id": 77, "layer": "MNR_and_LIRR_stations", "path": "/Users/stephanepierre/Downloads/MNR_and_LIRR_stations.geojson" }, "geometry": { "type": "Point", "coordinates": [ 1122706.735191680025309, 329158.909565117617603 ] } },
{ "type": "Feature", "properties": { "cartodb_id": 78, "layer": "MNR_and_LIRR_stations", "path": "/Users/stephanepierre/Downloads/MNR_and_LIRR_stations.geojson" }, "geometry": { "type": "Point", "coordinates": [ 1129559.28963201935403, 332067.417338256607763 ] } },
{ "type": "Feature", "properties": { "cartodb_id": 79, "layer": "MNR_and_LIRR_stations", "path": "/Users/stephanepierre/Downloads/MNR_and_LIRR_stations.geojson" }, "geometry": { "type": "Point", "coordinates": [ 1137123.184046549955383, 332311.955780741933268 ] } },
{ "type": "Feature", "properties": { "cartodb_id": 80, "layer": "MNR_and_LIRR_stations", "path": "/Users/stephanepierre/Downloads/MNR_and_LIRR_stations.geojson" }, "geometry": { "type": "Point", "coordinates": [ 1143802.600641906261444, 339377.901515401899815 ] } },
{ "type": "Feature", "properties": { "cartodb_id": 81, "layer": "MNR_and_LIRR_stations", "path": "/Users/stephanepierre/Downloads/MNR_and_LIRR_stations.geojson" }, "geometry": { "type": "Point", "coordinates": [ 1148344.537368148565292, 342055.813407239620574 ] } },
{ "type": "Feature", "properties": { "cartodb_id": 82, "layer": "MNR_and_LIRR_stations", "path": "/Users/stephanepierre/Downloads/MNR_and_LIRR_stations.geojson" }, "geometry": { "type": "Point", "coordinates": [ 1157448.320114351809025, 347560.115378186339512 ] } },
{ "type": "Feature", "properties": { "cartodb_id": 83, "layer": "MNR_and_LIRR_stations", "path": "/Users/stephanepierre/Downloads/MNR_and_LIRR_stations.geojson" }, "geometry": { "type": "Point", "coordinates": [ 1172869.912846422521397, 348891.562998068286106 ] } },
{ "type": "Feature", "properties": { "cartodb_id": 84, "layer": "MNR_and_LIRR_stations", "path": "/Users/stephanepierre/Downloads/MNR_and_LIRR_stations.geojson" }, "geometry": { "type": "Point", "coordinates": [ 1180116.799756505526602, 353532.672964189958293 ] } },
{ "type": "Feature", "properties": { "cartodb_id": 85, "layer": "MNR_and_LIRR_stations", "path": "/Users/stephanepierre/Downloads/MNR_and_LIRR_stations.geojson" }, "geometry": { "type": "Point", "coordinates": [ 1188693.534581427462399, 356603.654495461436454 ] } },
{ "type": "Feature", "properties": { "cartodb_id": 86, "layer": "MNR_and_LIRR_stations", "path": "/Users/stephanepierre/Downloads/MNR_and_LIRR_stations.geojson" }, "geometry": { "type": "Point", "coordinates": [ 1208036.404599156230688, 369747.190160405647475 ] } },
{ "type": "Feature", "properties": { "cartodb_id": 87, "layer": "MNR_and_LIRR_stations", "path": "/Users/stephanepierre/Downloads/MNR_and_LIRR_stations.geojson" }, "geometry": { "type": "Point", "coordinates": [ 1223270.037913570413366, 375569.800491153553594 ] } },
{ "type": "Feature", "properties": { "cartodb_id": 88, "layer": "MNR_and_LIRR_stations", "path": "/Users/stephanepierre/Downloads/MNR_and_LIRR_stations.geojson" }, "geometry": { "type": "Point", "coordinates": [ 1243490.242375465575606, 386337.366616721847095 ] } },
{ "type": "Feature", "properties": { "cartodb_id": 89, "layer": "MNR_and_LIRR_stations", "path": "/Users/stephanepierre/Downloads/MNR_and_LIRR_stations.geojson" }, "geometry": { "type": "Point", "coordinates": [ 1278747.897500174352899, 413442.173448725836352 ] } },
{ "type": "Feature", "properties": { "cartodb_id": 90, "layer": "MNR_and_LIRR_stations", "path": "/Users/stephanepierre/Downloads/MNR_and_LIRR_stations.geojson" }, "geometry": { "type": "Point", "coordinates": [ 1280507.760020938934758, 416553.196131853328552 ] } },
{ "type": "Feature", "properties": { "cartodb_id": 91, "layer": "MNR_and_LIRR_stations", "path": "/Users/stephanepierre/Downloads/MNR_and_LIRR_stations.geojson" }, "geometry": { "type": "Point", "coordinates": [ 1116598.535646418808028, 329673.409803856629878 ] } },
{ "type": "Feature", "properties": { "cartodb_id": 92, "layer": "MNR_and_LIRR_stations", "path": "/Users/stephanepierre/Downloads/MNR_and_LIRR_stations.geojson" }, "geometry": { "type": "Point", "coordinates": [ 1117166.69227709970437, 336312.647517006029375 ] } },
{ "type": "Feature", "properties": { "cartodb_id": 93, "layer": "MNR_and_LIRR_stations", "path": "/Users/stephanepierre/Downloads/MNR_and_LIRR_stations.geojson" }, "geometry": { "type": "Point", "coordinates": [ 1122534.503201259998605, 346272.432767240621615 ] } },
{ "type": "Feature", "properties": { "cartodb_id": 94, "layer": "MNR_and_LIRR_stations", "path": "/Users/stephanepierre/Downloads/MNR_and_LIRR_stations.geojson" }, "geometry": { "type": "Point", "coordinates": [ 1123166.147073916625232, 357313.82507011963753 ] } },
{ "type": "Feature", "properties": { "cartodb_id": 95, "layer": "MNR_and_LIRR_stations", "path": "/Users/stephanepierre/Downloads/MNR_and_LIRR_stations.geojson" }, "geometry": { "type": "Point", "coordinates": [ 1141829.74682830600068, 357542.477880299848039 ] } },
{ "type": "Feature", "properties": { "cartodb_id": 96, "layer": "MNR_and_LIRR_stations", "path": "/Users/stephanepierre/Downloads/MNR_and_LIRR_stations.geojson" }, "geometry": { "type": "Point", "coordinates": [ 1140452.650793218519539, 375600.525214092514943 ] } },
{ "type": "Feature", "properties": { "cartodb_id": 97, "layer": "MNR_and_LIRR_stations", "path": "/Users/stephanepierre/Downloads/MNR_and_LIRR_stations.geojson" }, "geometry": { "type": "Point", "coordinates": [ 1141981.195631921291351, 383050.278195591119584 ] } },
{ "type": "Feature", "properties": { "cartodb_id": 98, "layer": "MNR_and_LIRR_stations", "path": "/Users/stephanepierre/Downloads/MNR_and_LIRR_stations.geojson" }, "geometry": { "type": "Point", "coordinates": [ 1137813.358798210974783, 401610.360366696550045 ] } },
{ "type": "Feature", "properties": { "cartodb_id": 99, "layer": "MNR_and_LIRR_stations", "path": "/Users/stephanepierre/Downloads/MNR_and_LIRR_stations.geojson" }, "geometry": { "type": "Point", "coordinates": [ 1139771.745081870118156, 422776.949654799187556 ] } },
{ "type": "Feature", "properties": { "cartodb_id": 100, "layer": "MNR_and_LIRR_stations", "path": "/Users/stephanepierre/Downloads/MNR_and_LIRR_stations.geojson" }, "geometry": { "type": "Point", "coordinates": [ 1143942.273958815960214, 441221.000857906823512 ] } },
{ "type": "Feature", "properties": { "cartodb_id": 101, "layer": "MNR_and_LIRR_stations", "path": "/Users/stephanepierre/Downloads/MNR_and_LIRR_stations.geojson" }, "geometry": { "type": "Point", "coordinates": [ 1135115.607395416591316, 448502.228496715833899 ] } },
{ "type": "Feature", "properties": { "cartodb_id": 102, "layer": "MNR_and_LIRR_stations", "path": "/Users/stephanepierre/Downloads/MNR_and_LIRR_stations.geojson" }, "geometry": { "type": "Point", "coordinates": [ 1235997.40931264963001, 421417.188247705402318 ] } },
{ "type": "Feature", "properties": { "cartodb_id": 103, "layer": "MNR_and_LIRR_stations", "path": "/Users/stephanepierre/Downloads/MNR_and_LIRR_stations.geojson" }, "geometry": { "type": "Point", "coordinates": [ 1236908.141635270323604, 430331.992476691026241 ] } },
{ "type": "Feature", "properties": { "cartodb_id": 104, "layer": "MNR_and_LIRR_stations", "path": "/Users/stephanepierre/Downloads/MNR_and_LIRR_stations.geojson" }, "geometry": { "type": "Point", "coordinates": [ 1238741.472241931129247, 448929.870134373137262 ] } },
{ "type": "Feature", "properties": { "cartodb_id": 105, "layer": "MNR_and_LIRR_stations", "path": "/Users/stephanepierre/Downloads/MNR_and_LIRR_stations.geojson" }, "geometry": { "type": "Point", "coordinates": [ 1241004.313602133421227, 465940.319904800388031 ] } },
{ "type": "Feature", "properties": { "cartodb_id": 106, "layer": "MNR_and_LIRR_stations", "path": "/Users/stephanepierre/Downloads/MNR_and_LIRR_stations.geojson" }, "geometry": { "type": "Point", "coordinates": [ 1243795.784738055663183, 485084.861893103108741 ] } },
{ "type": "Feature", "properties": { "cartodb_id": 107, "layer": "MNR_and_LIRR_stations", "path": "/Users/stephanepierre/Downloads/MNR_and_LIRR_stations.geojson" }, "geometry": { "type": "Point", "coordinates": [ 1245352.26038275193423, 506429.509899420372676 ] } },
{ "type": "Feature", "properties": { "cartodb_id": 108, "layer": "MNR_and_LIRR_stations", "path": "/Users/stephanepierre/Downloads/MNR_and_LIRR_stations.geojson" }, "geometry": { "type": "Point", "coordinates": [ 1104766.406722267158329, 588113.472058921586722 ] } },
{ "type": "Feature", "properties": { "cartodb_id": 109, "layer": "MNR_and_LIRR_stations", "path": "/Users/stephanepierre/Downloads/MNR_and_LIRR_stations.geojson" }, "geometry": { "type": "Point", "coordinates": [ 1103613.842789329821244, 600784.805834298371337 ] } },
{ "type": "Feature", "properties": { "cartodb_id": 110, "layer": "MNR_and_LIRR_stations", "path": "/Users/stephanepierre/Downloads/MNR_and_LIRR_stations.geojson" }, "geometry": { "type": "Point", "coordinates": [ 1195083.099263306707144, 363189.321218221622985 ] } },
{ "type": "Feature", "properties": { "cartodb_id": 111, "layer": "MNR_and_LIRR_stations", "path": "/Users/stephanepierre/Downloads/MNR_and_LIRR_stations.geojson" }, "geometry": { "type": "Point", "coordinates": [ 1269184.302249411121011, 404187.509650262189098 ] } },
{ "type": "Feature", "properties": { "cartodb_id": 112, "layer": "MNR_and_LIRR_stations", "path": "/Users/stephanepierre/Downloads/MNR_and_LIRR_stations.geojson" }, "geometry": { "type": "Point", "coordinates": [ 1003650.811646064277738, 239964.198722954373807 ] } },
{ "type": "Feature", "properties": { "cartodb_id": 1, "layer": "MNR_and_LIRR_stations", "path": "/Users/stephanepierre/Downloads/MNR_and_LIRR_stations.geojson" }, "geometry": { "type": "Point", "coordinates": [ 996334.68380935525056, 209348.134458308311878 ] } },
{ "type": "Feature", "properties": { "cartodb_id": 2, "layer": "MNR_and_LIRR_stations", "path": "/Users/stephanepierre/Downloads/MNR_and_LIRR_stations.geojson" }, "geometry": { "type": "Point", "coordinates": [ 998994.692791352281347, 209750.374273319903295 ] } },
{ "type": "Feature", "properties": { "cartodb_id": 3, "layer": "MNR_and_LIRR_stations", "path": "/Users/stephanepierre/Downloads/MNR_and_LIRR_stations.geojson" }, "geometry": { "type": "Point", "coordinates": [ 986028.719305051257834, 212733.469045496516628 ] } },
{ "type": "Feature", "properties": { "cartodb_id": 4, "layer": "MNR_and_LIRR_stations", "path": "/Users/stephanepierre/Downloads/MNR_and_LIRR_stations.geojson" }, "geometry": { "type": "Point", "coordinates": [ 1011136.03836758993566, 211021.395305907470174 ] } },
{ "type": "Feature", "properties": { "cartodb_id": 5, "layer": "MNR_and_LIRR_stations", "path": "/Users/stephanepierre/Downloads/MNR_and_LIRR_stations.geojson" }, "geometry": { "type": "Point", "coordinates": [ 1027268.586587186320685, 201473.642150530329673 ] } },
{ "type": "Feature", "properties": { "cartodb_id": 6, "layer": "MNR_and_LIRR_stations", "path": "/Users/stephanepierre/Downloads/MNR_and_LIRR_stations.geojson" }, "geometry": { "type": "Point", "coordinates": [ 1031134.191374739864841, 197862.993862268718658 ] } },
{ "type": "Feature", "properties": { "cartodb_id": 7, "layer": "MNR_and_LIRR_stations", "path": "/Users/stephanepierre/Downloads/MNR_and_LIRR_stations.geojson" }, "geometry": { "type": "Point", "coordinates": [ 990440.286706689163111, 188805.285482596198563 ] } },
{ "type": "Feature", "properties": { "cartodb_id": 8, "layer": "MNR_and_LIRR_stations", "path": "/Users/stephanepierre/Downloads/MNR_and_LIRR_stations.geojson" }, "geometry": { "type": "Point", "coordinates": [ 998612.251526277977973, 186432.965635005763033 ] } },
{ "type": "Feature", "properties": { "cartodb_id": 9, "layer": "MNR_and_LIRR_stations", "path": "/Users/stephanepierre/Downloads/MNR_and_LIRR_stations.geojson" }, "geometry": { "type": "Point", "coordinates": [ 1011208.718110555782914, 185503.733316621306585 ] } },
{ "type": "Feature", "properties": { "cartodb_id": 10, "layer": "MNR_and_LIRR_stations", "path": "/Users/stephanepierre/Downloads/MNR_and_LIRR_stations.geojson" }, "geometry": { "type": "Point", "coordinates": [ 1037341.291206285008229, 194217.897313145513181 ] } },
{ "type": "Feature", "properties": { "cartodb_id": 11, "layer": "MNR_and_LIRR_stations", "path": "/Users/stephanepierre/Downloads/MNR_and_LIRR_stations.geojson" }, "geometry": { "type": "Point", "coordinates": [ 1027554.931255349190906, 213431.539647269353736 ] } },
{ "type": "Feature", "properties": { "cartodb_id": 12, "layer": "MNR_and_LIRR_stations", "path": "/Users/stephanepierre/Downloads/MNR_and_LIRR_stations.geojson" }, "geometry": { "type": "Point", "coordinates": [ 1030972.80105166323483, 215441.71315320499707 ] } },
{ "type": "Feature", "properties": { "cartodb_id": 13, "layer": "MNR_and_LIRR_stations", "path": "/Users/stephanepierre/Downloads/MNR_and_LIRR_stations.geojson" }, "geometry": { "type": "Point", "coordinates": [ 1035626.13369213452097, 217203.567211105953902 ] } },
{ "type": "Feature", "properties": { "cartodb_id": 14, "layer": "MNR_and_LIRR_stations", "path": "/Users/stephanepierre/Downloads/MNR_and_LIRR_stations.geojson" }, "geometry": { "type": "Point", "coordinates": [ 1039167.323271788656712, 216825.135128682828508 ] } },
{ "type": "Feature", "properties": { "cartodb_id": 15, "layer": "MNR_and_LIRR_stations", "path": "/Users/stephanepierre/Downloads/MNR_and_LIRR_stations.geojson" }, "geometry": { "type": "Point", "coordinates": [ 1042436.393547095241956, 216756.248498783097602 ] } },
{ "type": "Feature", "properties": { "cartodb_id": 16, "layer": "MNR_and_LIRR_stations", "path": "/Users/stephanepierre/Downloads/MNR_and_LIRR_stations.geojson" }, "geometry": { "type": "Point", "coordinates": [ 1047617.905036727897823, 217392.244308279041434 ] } },
{ "type": "Feature", "properties": { "cartodb_id": 17, "layer": "MNR_and_LIRR_stations", "path": "/Users/stephanepierre/Downloads/MNR_and_LIRR_stations.geojson" }, "geometry": { "type": "Point", "coordinates": [ 1053662.843297671061009, 219201.315632594516501 ] } },
{ "type": "Feature", "properties": { "cartodb_id": 18, "layer": "MNR_and_LIRR_stations", "path": "/Users/stephanepierre/Downloads/MNR_and_LIRR_stations.geojson" }, "geometry": { "type": "Point", "coordinates": [ 1056081.797180160181597, 221751.410285010089865 ] } },
{ "type": "Feature", "properties": { "cartodb_id": 19, "layer": "MNR_and_LIRR_stations", "path": "/Users/stephanepierre/Downloads/MNR_and_LIRR_stations.geojson" }, "geometry": { "type": "Point", "coordinates": [ 1060097.798248669598252, 226197.590343677904457 ] } },
{ "type": "Feature", "properties": { "cartodb_id": 20, "layer": "MNR_and_LIRR_stations", "path": "/Users/stephanepierre/Downloads/MNR_and_LIRR_stations.geojson" }, "geometry": { "type": "Point", "coordinates": [ 1067341.127700031036511, 229686.152484163350891 ] } },
{ "type": "Feature", "properties": { "cartodb_id": 21, "layer": "MNR_and_LIRR_stations", "path": "/Users/stephanepierre/Downloads/MNR_and_LIRR_stations.geojson" }, "geometry": { "type": "Point", "coordinates": [ 1068621.966030366020277, 234780.357912615203531 ] } },
{ "type": "Feature", "properties": { "cartodb_id": 22, "layer": "MNR_and_LIRR_stations", "path": "/Users/stephanepierre/Downloads/MNR_and_LIRR_stations.geojson" }, "geometry": { "type": "Point", "coordinates": [ 1070760.068571078125387, 241469.844964976073243 ] } },
{ "type": "Feature", "properties": { "cartodb_id": 23, "layer": "MNR_and_LIRR_stations", "path": "/Users/stephanepierre/Downloads/MNR_and_LIRR_stations.geojson" }, "geometry": { "type": "Point", "coordinates": [ 1048915.884611677844077, 198096.960175887594232 ] } },
{ "type": "Feature", "properties": { "cartodb_id": 24, "layer": "MNR_and_LIRR_stations", "path": "/Users/stephanepierre/Downloads/MNR_and_LIRR_stations.geojson" }, "geometry": { "type": "Point", "coordinates": [ 1057305.426467927405611, 200773.0957969269366 ] } },
{ "type": "Feature", "properties": { "cartodb_id": 25, "layer": "MNR_and_LIRR_stations", "path": "/Users/stephanepierre/Downloads/MNR_and_LIRR_stations.geojson" }, "geometry": { "type": "Point", "coordinates": [ 1059480.937416161876172, 200065.647282279562205 ] } },
{ "type": "Feature", "properties": { "cartodb_id": 26, "layer": "MNR_and_LIRR_stations", "path": "/Users/stephanepierre/Downloads/MNR_and_LIRR_stations.geojson" }, "geometry": { "type": "Point", "coordinates": [ 1062791.285249203443527, 202520.800977351726033 ] } },
{ "type": "Feature", "properties": { "cartodb_id": 27, "layer": "MNR_and_LIRR_stations", "path": "/Users/stephanepierre/Downloads/MNR_and_LIRR_stations.geojson" }, "geometry": { "type": "Point", "coordinates": [ 1065629.478189635556191, 203415.477059448254295 ] } },
{ "type": "Feature", "properties": { "cartodb_id": 28, "layer": "MNR_and_LIRR_stations", "path": "/Users/stephanepierre/Downloads/MNR_and_LIRR_stations.geojson" }, "geometry": { "type": "Point", "coordinates": [ 1072666.344794558128342, 202853.506536970933666 ] } },
{ "type": "Feature", "properties": { "cartodb_id": 29, "layer": "MNR_and_LIRR_stations", "path": "/Users/stephanepierre/Downloads/MNR_and_LIRR_stations.geojson" }, "geometry": { "type": "Point", "coordinates": [ 1077744.427841872908175, 202847.026459821965545 ] } },
{ "type": "Feature", "properties": { "cartodb_id": 30, "layer": "MNR_and_LIRR_stations", "path": "/Users/stephanepierre/Downloads/MNR_and_LIRR_stations.geojson" }, "geometry": { "type": "Point", "coordinates": [ 1083936.478106617694721, 202922.666630485502537 ] } },
{ "type": "Feature", "properties": { "cartodb_id": 31, "layer": "MNR_and_LIRR_stations", "path": "/Users/stephanepierre/Downloads/MNR_and_LIRR_stations.geojson" }, "geometry": { "type": "Point", "coordinates": [ 1086902.078547437209636, 202337.515960379096214 ] } },
{ "type": "Feature", "properties": { "cartodb_id": 32, "layer": "MNR_and_LIRR_stations", "path": "/Users/stephanepierre/Downloads/MNR_and_LIRR_stations.geojson" }, "geometry": { "type": "Point", "coordinates": [ 1088200.962971745757386, 199370.077762389584677 ] } },
{ "type": "Feature", "properties": { "cartodb_id": 33, "layer": "MNR_and_LIRR_stations", "path": "/Users/stephanepierre/Downloads/MNR_and_LIRR_stations.geojson" }, "geometry": { "type": "Point", "coordinates": [ 1072672.716056991601363, 205669.827570888912305 ] } },
{ "type": "Feature", "properties": { "cartodb_id": 34, "layer": "MNR_and_LIRR_stations", "path": "/Users/stephanepierre/Downloads/MNR_and_LIRR_stations.geojson" }, "geometry": { "type": "Point", "coordinates": [ 1077777.178000677144155, 207295.668983433890389 ] } },
{ "type": "Feature", "properties": { "cartodb_id": 35, "layer": "MNR_and_LIRR_stations", "path": "/Users/stephanepierre/Downloads/MNR_and_LIRR_stations.geojson" }, "geometry": { "type": "Point", "coordinates": [ 1083772.113495180848986, 209206.759389557497343 ] } },
{ "type": "Feature", "properties": { "cartodb_id": 36, "layer": "MNR_and_LIRR_stations", "path": "/Users/stephanepierre/Downloads/MNR_and_LIRR_stations.geojson" }, "geometry": { "type": "Point", "coordinates": [ 1084150.417773366207257, 214917.440809583553346 ] } },
{ "type": "Feature", "properties": { "cartodb_id": 37, "layer": "MNR_and_LIRR_stations", "path": "/Users/stephanepierre/Downloads/MNR_and_LIRR_stations.geojson" }, "geometry": { "type": "Point", "coordinates": [ 1083494.850462084403262, 220758.687285031861393 ] } },
{ "type": "Feature", "properties": { "cartodb_id": 38, "layer": "MNR_and_LIRR_stations", "path": "/Users/stephanepierre/Downloads/MNR_and_LIRR_stations.geojson" }, "geometry": { "type": "Point", "coordinates": [ 1083032.662866475060582, 227467.872175718221115 ] } },
{ "type": "Feature", "properties": { "cartodb_id": 39, "layer": "MNR_and_LIRR_stations", "path": "/Users/stephanepierre/Downloads/MNR_and_LIRR_stations.geojson" }, "geometry": { "type": "Point", "coordinates": [ 1087531.909234761027619, 236682.490605297760339 ] } },
{ "type": "Feature", "properties": { "cartodb_id": 40, "layer": "MNR_and_LIRR_stations", "path": "/Users/stephanepierre/Downloads/MNR_and_LIRR_stations.geojson" }, "geometry": { "type": "Point", "coordinates": [ 1087713.832514091860503, 242698.499874430184718 ] } },
{ "type": "Feature", "properties": { "cartodb_id": 41, "layer": "MNR_and_LIRR_stations", "path": "/Users/stephanepierre/Downloads/MNR_and_LIRR_stations.geojson" }, "geometry": { "type": "Point", "coordinates": [ 1087876.16432009357959, 250036.999712169112172 ] } },
{ "type": "Feature", "properties": { "cartodb_id": 42, "layer": "MNR_and_LIRR_stations", "path": "/Users/stephanepierre/Downloads/MNR_and_LIRR_stations.geojson" }, "geometry": { "type": "Point", "coordinates": [ 1089029.231622218620032, 252085.908375983941369 ] } },
{ "type": "Feature", "properties": { "cartodb_id": 43, "layer": "MNR_and_LIRR_stations", "path": "/Users/stephanepierre/Downloads/MNR_and_LIRR_stations.geojson" }, "geometry": { "type": "Point", "coordinates": [ 1090416.384495130274445, 254955.667241202463629 ] } },
{ "type": "Feature", "properties": { "cartodb_id": 44, "layer": "MNR_and_LIRR_stations", "path": "/Users/stephanepierre/Downloads/MNR_and_LIRR_stations.geojson" }, "geometry": { "type": "Point", "coordinates": [ 1095341.827051515225321, 258122.01599122749758 ] } },
{ "type": "Feature", "properties": { "cartodb_id": 45, "layer": "MNR_and_LIRR_stations", "path": "/Users/stephanepierre/Downloads/MNR_and_LIRR_stations.geojson" }, "geometry": { "type": "Point", "coordinates": [ 1113114.10381796839647, 258526.985636244935449 ] } },
{ "type": "Feature", "properties": { "cartodb_id": 46, "layer": "MNR_and_LIRR_stations", "path": "/Users/stephanepierre/Downloads/MNR_and_LIRR_stations.geojson" }, "geometry": { "type": "Point", "coordinates": [ 1094068.761903878767043, 212479.172666928527178 ] } },
{ "type": "Feature", "properties": { "cartodb_id": 47, "layer": "MNR_and_LIRR_stations", "path": "/Users/stephanepierre/Downloads/MNR_and_LIRR_stations.geojson" }, "geometry": { "type": "Point", "coordinates": [ 1098990.563001796137542, 214050.36736989003839 ] } },
{ "type": "Feature", "properties": { "cartodb_id": 48, "layer": "MNR_and_LIRR_stations", "path": "/Users/stephanepierre/Downloads/MNR_and_LIRR_stations.geojson" }, "geometry": { "type": "Point", "coordinates": [ 1114847.18849261244759, 219129.214858775085304 ] } },
{ "type": "Feature", "properties": { "cartodb_id": 49, "layer": "MNR_and_LIRR_stations", "path": "/Users/stephanepierre/Downloads/MNR_and_LIRR_stations.geojson" }, "geometry": { "type": "Point", "coordinates": [ 1122508.192758837016299, 240186.749299480230547 ] } },
{ "type": "Feature", "properties": { "cartodb_id": 50, "layer": "MNR_and_LIRR_stations", "path": "/Users/stephanepierre/Downloads/MNR_and_LIRR_stations.geojson" }, "geometry": { "type": "Point", "coordinates": [ 1136144.294931235490367, 244195.994450833648443 ] } },
{ "type": "Feature", "properties": { "cartodb_id": 51, "layer": "MNR_and_LIRR_stations", "path": "/Users/stephanepierre/Downloads/MNR_and_LIRR_stations.geojson" }, "geometry": { "type": "Point", "coordinates": [ 1147601.744761225767434, 250599.19499745342182 ] } },
{ "type": "Feature", "properties": { "cartodb_id": 52, "layer": "MNR_and_LIRR_stations", "path": "/Users/stephanepierre/Downloads/MNR_and_LIRR_stations.geojson" }, "geometry": { "type": "Point", "coordinates": [ 1160470.928505651187152, 256395.072037064761389 ] } },
{ "type": "Feature", "properties": { "cartodb_id": 53, "layer": "MNR_and_LIRR_stations", "path": "/Users/stephanepierre/Downloads/MNR_and_LIRR_stations.geojson" }, "geometry": { "type": "Point", "coordinates": [ 1169943.235153586603701, 260830.751714667218039 ] } },
{ "type": "Feature", "properties": { "cartodb_id": 54, "layer": "MNR_and_LIRR_stations", "path": "/Users/stephanepierre/Downloads/MNR_and_LIRR_stations.geojson" }, "geometry": { "type": "Point", "coordinates": [ 1189906.967738791136071, 262092.420086493570125 ] } },
{ "type": "Feature", "properties": { "cartodb_id": 55, "layer": "MNR_and_LIRR_stations", "path": "/Users/stephanepierre/Downloads/MNR_and_LIRR_stations.geojson" }, "geometry": { "type": "Point", "coordinates": [ 1206095.592233770992607, 252354.039454379002564 ] } },
{ "type": "Feature", "properties": { "cartodb_id": 56, "layer": "MNR_and_LIRR_stations", "path": "/Users/stephanepierre/Downloads/MNR_and_LIRR_stations.geojson" }, "geometry": { "type": "Point", "coordinates": [ 1216661.30753507791087, 261787.876865271420684 ] } },
{ "type": "Feature", "properties": { "cartodb_id": 57, "layer": "MNR_and_LIRR_stations", "path": "/Users/stephanepierre/Downloads/MNR_and_LIRR_stations.geojson" }, "geometry": { "type": "Point", "coordinates": [ 1225083.747013028711081, 275770.456209222320467 ] } },
{ "type": "Feature", "properties": { "cartodb_id": 58, "layer": "MNR_and_LIRR_stations", "path": "/Users/stephanepierre/Downloads/MNR_and_LIRR_stations.geojson" }, "geometry": { "type": "Point", "coordinates": [ 1246043.999464788474143, 281172.997093322279397 ] } },
{ "type": "Feature", "properties": { "cartodb_id": 59, "layer": "MNR_and_LIRR_stations", "path": "/Users/stephanepierre/Downloads/MNR_and_LIRR_stations.geojson" }, "geometry": { "type": "Point", "coordinates": [ 1127388.837814164580777, 210404.850155469583115 ] } },
{ "type": "Feature", "properties": { "cartodb_id": 60, "layer": "MNR_and_LIRR_stations", "path": "/Users/stephanepierre/Downloads/MNR_and_LIRR_stations.geojson" }, "geometry": { "type": "Point", "coordinates": [ 1139098.87905488582328, 207882.656633245846024 ] } },
{ "type": "Feature", "properties": { "cartodb_id": 61, "layer": "MNR_and_LIRR_stations", "path": "/Users/stephanepierre/Downloads/MNR_and_LIRR_stations.geojson" }, "geometry": { "type": "Point", "coordinates": [ 1150614.813924274407327, 211398.235497064975789 ] } },
{ "type": "Feature", "properties": { "cartodb_id": 62, "layer": "MNR_and_LIRR_stations", "path": "/Users/stephanepierre/Downloads/MNR_and_LIRR_stations.geojson" }, "geometry": { "type": "Point", "coordinates": [ 1162099.74017430562526, 214919.073910976818297 ] } },
{ "type": "Feature", "properties": { "cartodb_id": 63, "layer": "MNR_and_LIRR_stations", "path": "/Users/stephanepierre/Downloads/MNR_and_LIRR_stations.geojson" }, "geometry": { "type": "Point", "coordinates": [ 1179925.979370367014781, 220408.500139404641232 ] } },
{ "type": "Feature", "properties": { "cartodb_id": 64, "layer": "MNR_and_LIRR_stations", "path": "/Users/stephanepierre/Downloads/MNR_and_LIRR_stations.geojson" }, "geometry": { "type": "Point", "coordinates": [ 1193725.537504583131522, 224659.070180259732297 ] } },
{ "type": "Feature", "properties": { "cartodb_id": 65, "layer": "MNR_and_LIRR_stations", "path": "/Users/stephanepierre/Downloads/MNR_and_LIRR_stations.geojson" }, "geometry": { "type": "Point", "coordinates": [ 1207189.150963868480176, 228790.565016635344364 ] } },
{ "type": "Feature", "properties": { "cartodb_id": 66, "layer": "MNR_and_LIRR_stations", "path": "/Users/stephanepierre/Downloads/MNR_and_LIRR_stations.geojson" }, "geometry": { "type": "Point", "coordinates": [ 1231749.389638271881267, 234945.882071766420268 ] } },
{ "type": "Feature", "properties": { "cartodb_id": 67, "layer": "MNR_and_LIRR_stations", "path": "/Users/stephanepierre/Downloads/MNR_and_LIRR_stations.geojson" }, "geometry": { "type": "Point", "coordinates": [ 1261338.075965433614329, 238658.168938820366748 ] } },
{ "type": "Feature", "properties": { "cartodb_id": 68, "layer": "MNR_and_LIRR_stations", "path": "/Users/stephanepierre/Downloads/MNR_and_LIRR_stations.geojson" }, "geometry": { "type": "Point", "coordinates": [ 1284281.474661275511608, 241922.668778577528428 ] } },
{ "type": "Feature", "properties": { "cartodb_id": 69, "layer": "MNR_and_LIRR_stations", "path": "/Users/stephanepierre/Downloads/MNR_and_LIRR_stations.geojson" }, "geometry": { "type": "Point", "coordinates": [ 1352656.907324227271602, 277200.97220712795388 ] } },
{ "type": "Feature", "properties": { "cartodb_id": 70, "layer": "MNR_and_LIRR_stations", "path": "/Users/stephanepierre/Downloads/MNR_and_LIRR_stations.geojson" }, "geometry": { "type": "Point", "coordinates": [ 1388376.701092199189588, 303992.800922659633216 ] } },
{ "type": "Feature", "properties": { "cartodb_id": 71, "layer": "MNR_and_LIRR_stations", "path": "/Users/stephanepierre/Downloads/MNR_and_LIRR_stations.geojson" }, "geometry": { "type": "Point", "coordinates": [ 1417689.927383467555046, 331616.149937121430412 ] } },
{ "type": "Feature", "properties": { "cartodb_id": 72, "layer": "MNR_and_LIRR_stations", "path": "/Users/stephanepierre/Downloads/MNR_and_LIRR_stations.geojson" }, "geometry": { "type": "Point", "coordinates": [ 1435383.074957751203328, 344148.168966017372441 ] } },
{ "type": "Feature", "properties": { "cartodb_id": 73, "layer": "MNR_and_LIRR_stations", "path": "/Users/stephanepierre/Downloads/MNR_and_LIRR_stations.geojson" }, "geometry": { "type": "Point", "coordinates": [ 1049278.184207304613665, 191179.278076910180971 ] } },
{ "type": "Feature", "properties": { "cartodb_id": 74, "layer": "MNR_and_LIRR_stations", "path": "/Users/stephanepierre/Downloads/MNR_and_LIRR_stations.geojson" }, "geometry": { "type": "Point", "coordinates": [ 1049424.210998937720433, 185332.16619700321462 ] } },
{ "type": "Feature", "properties": { "cartodb_id": 75, "layer": "MNR_and_LIRR_stations", "path": "/Users/stephanepierre/Downloads/MNR_and_LIRR_stations.geojson" }, "geometry": { "type": "Point", "coordinates": [ 1053117.517680874327198, 182915.923079976462759 ] } },
{ "type": "Feature", "properties": { "cartodb_id": 76, "layer": "MNR_and_LIRR_stations", "path": "/Users/stephanepierre/Downloads/MNR_and_LIRR_stations.geojson" }, "geometry": { "type": "Point", "coordinates": [ 1057614.349858649540693, 182007.330771898501553 ] } },
{ "type": "Feature", "properties": { "cartodb_id": 77, "layer": "MNR_and_LIRR_stations", "path": "/Users/stephanepierre/Downloads/MNR_and_LIRR_stations.geojson" }, "geometry": { "type": "Point", "coordinates": [ 1066161.572096877265722, 180420.65772890279186 ] } },
{ "type": "Feature", "properties": { "cartodb_id": 78, "layer": "MNR_and_LIRR_stations", "path": "/Users/stephanepierre/Downloads/MNR_and_LIRR_stations.geojson" }, "geometry": { "type": "Point", "coordinates": [ 1072686.170823662308976, 182939.191662657569395 ] } },
{ "type": "Feature", "properties": { "cartodb_id": 79, "layer": "MNR_and_LIRR_stations", "path": "/Users/stephanepierre/Downloads/MNR_and_LIRR_stations.geojson" }, "geometry": { "type": "Point", "coordinates": [ 1076102.390453982399777, 185542.259720209694933 ] } },
{ "type": "Feature", "properties": { "cartodb_id": 80, "layer": "MNR_and_LIRR_stations", "path": "/Users/stephanepierre/Downloads/MNR_and_LIRR_stations.geojson" }, "geometry": { "type": "Point", "coordinates": [ 1080725.167515634093434, 189341.939716976805357 ] } },
{ "type": "Feature", "properties": { "cartodb_id": 81, "layer": "MNR_and_LIRR_stations", "path": "/Users/stephanepierre/Downloads/MNR_and_LIRR_stations.geojson" }, "geometry": { "type": "Point", "coordinates": [ 1082356.440764430444688, 192649.32322086635395 ] } },
{ "type": "Feature", "properties": { "cartodb_id": 82, "layer": "MNR_and_LIRR_stations", "path": "/Users/stephanepierre/Downloads/MNR_and_LIRR_stations.geojson" }, "geometry": { "type": "Point", "coordinates": [ 1083613.202386805787683, 195219.334106355090626 ] } },
{ "type": "Feature", "properties": { "cartodb_id": 83, "layer": "MNR_and_LIRR_stations", "path": "/Users/stephanepierre/Downloads/MNR_and_LIRR_stations.geojson" }, "geometry": { "type": "Point", "coordinates": [ 1066989.687769013922662, 175953.135000430658692 ] } },
{ "type": "Feature", "properties": { "cartodb_id": 84, "layer": "MNR_and_LIRR_stations", "path": "/Users/stephanepierre/Downloads/MNR_and_LIRR_stations.geojson" }, "geometry": { "type": "Point", "coordinates": [ 1066086.504309935960919, 171403.246339180419454 ] } },
{ "type": "Feature", "properties": { "cartodb_id": 85, "layer": "MNR_and_LIRR_stations", "path": "/Users/stephanepierre/Downloads/MNR_and_LIRR_stations.geojson" }, "geometry": { "type": "Point", "coordinates": [ 1063714.43673891806975, 169417.070202211180003 ] } },
{ "type": "Feature", "properties": { "cartodb_id": 86, "layer": "MNR_and_LIRR_stations", "path": "/Users/stephanepierre/Downloads/MNR_and_LIRR_stations.geojson" }, "geometry": { "type": "Point", "coordinates": [ 1060263.639413151657209, 166068.786206240562024 ] } },
{ "type": "Feature", "properties": { "cartodb_id": 87, "layer": "MNR_and_LIRR_stations", "path": "/Users/stephanepierre/Downloads/MNR_and_LIRR_stations.geojson" }, "geometry": { "type": "Point", "coordinates": [ 1057572.414553123991936, 163714.248260775115341 ] } },
{ "type": "Feature", "properties": { "cartodb_id": 88, "layer": "MNR_and_LIRR_stations", "path": "/Users/stephanepierre/Downloads/MNR_and_LIRR_stations.geojson" }, "geometry": { "type": "Point", "coordinates": [ 1055277.311481671640649, 162450.504658782767365 ] } },
{ "type": "Feature", "properties": { "cartodb_id": 89, "layer": "MNR_and_LIRR_stations", "path": "/Users/stephanepierre/Downloads/MNR_and_LIRR_stations.geojson" }, "geometry": { "type": "Point", "coordinates": [ 1053514.762851006351411, 161297.787778061378049 ] } },
{ "type": "Feature", "properties": { "cartodb_id": 90, "layer": "MNR_and_LIRR_stations", "path": "/Users/stephanepierre/Downloads/MNR_and_LIRR_stations.geojson" }, "geometry": { "type": "Point", "coordinates": [ 1074128.64770151861012, 178459.575283861689968 ] } },
{ "type": "Feature", "properties": { "cartodb_id": 91, "layer": "MNR_and_LIRR_stations", "path": "/Users/stephanepierre/Downloads/MNR_and_LIRR_stations.geojson" }, "geometry": { "type": "Point", "coordinates": [ 1077496.748746218625456, 175652.348519636609126 ] } },
{ "type": "Feature", "properties": { "cartodb_id": 92, "layer": "MNR_and_LIRR_stations", "path": "/Users/stephanepierre/Downloads/MNR_and_LIRR_stations.geojson" }, "geometry": { "type": "Point", "coordinates": [ 1079103.798247012542561, 173432.510132329363842 ] } },
{ "type": "Feature", "properties": { "cartodb_id": 93, "layer": "MNR_and_LIRR_stations", "path": "/Users/stephanepierre/Downloads/MNR_and_LIRR_stations.geojson" }, "geometry": { "type": "Point", "coordinates": [ 1080099.750408862484619, 170707.586108766932739 ] } },
{ "type": "Feature", "properties": { "cartodb_id": 94, "layer": "MNR_and_LIRR_stations", "path": "/Users/stephanepierre/Downloads/MNR_and_LIRR_stations.geojson" }, "geometry": { "type": "Point", "coordinates": [ 1080125.549185868119821, 158531.808845439052675 ] } },
{ "type": "Feature", "properties": { "cartodb_id": 95, "layer": "MNR_and_LIRR_stations", "path": "/Users/stephanepierre/Downloads/MNR_and_LIRR_stations.geojson" }, "geometry": { "type": "Point", "coordinates": [ 1077341.949994423193857, 154469.665771628904622 ] } },
{ "type": "Feature", "properties": { "cartodb_id": 96, "layer": "MNR_and_LIRR_stations", "path": "/Users/stephanepierre/Downloads/MNR_and_LIRR_stations.geojson" }, "geometry": { "type": "Point", "coordinates": [ 1082315.977049687877297, 179314.621844728651922 ] } },
{ "type": "Feature", "properties": { "cartodb_id": 97, "layer": "MNR_and_LIRR_stations", "path": "/Users/stephanepierre/Downloads/MNR_and_LIRR_stations.geojson" }, "geometry": { "type": "Point", "coordinates": [ 1093247.381584474118426, 178781.905633796675829 ] } },
{ "type": "Feature", "properties": { "cartodb_id": 98, "layer": "MNR_and_LIRR_stations", "path": "/Users/stephanepierre/Downloads/MNR_and_LIRR_stations.geojson" }, "geometry": { "type": "Point", "coordinates": [ 1100138.156011109706014, 179079.750365540094208 ] } },
{ "type": "Feature", "properties": { "cartodb_id": 99, "layer": "MNR_and_LIRR_stations", "path": "/Users/stephanepierre/Downloads/MNR_and_LIRR_stations.geojson" }, "geometry": { "type": "Point", "coordinates": [ 1108921.593735371250659, 181433.09161081109778 ] } },
{ "type": "Feature", "properties": { "cartodb_id": 100, "layer": "MNR_and_LIRR_stations", "path": "/Users/stephanepierre/Downloads/MNR_and_LIRR_stations.geojson" }, "geometry": { "type": "Point", "coordinates": [ 1114948.608000154141337, 183286.427319120935863 ] } },
{ "type": "Feature", "properties": { "cartodb_id": 101, "layer": "MNR_and_LIRR_stations", "path": "/Users/stephanepierre/Downloads/MNR_and_LIRR_stations.geojson" }, "geometry": { "type": "Point", "coordinates": [ 1120460.427412351127714, 184843.259282113634981 ] } },
{ "type": "Feature", "properties": { "cartodb_id": 102, "layer": "MNR_and_LIRR_stations", "path": "/Users/stephanepierre/Downloads/MNR_and_LIRR_stations.geojson" }, "geometry": { "type": "Point", "coordinates": [ 1126665.30480430694297, 185877.119081998767797 ] } },
{ "type": "Feature", "properties": { "cartodb_id": 103, "layer": "MNR_and_LIRR_stations", "path": "/Users/stephanepierre/Downloads/MNR_and_LIRR_stations.geojson" }, "geometry": { "type": "Point", "coordinates": [ 1131522.300458566984162, 186343.284248287556693 ] } },
{ "type": "Feature", "properties": { "cartodb_id": 104, "layer": "MNR_and_LIRR_stations", "path": "/Users/stephanepierre/Downloads/MNR_and_LIRR_stations.geojson" }, "geometry": { "type": "Point", "coordinates": [ 1135489.381018253741786, 186706.493411740812007 ] } },
{ "type": "Feature", "properties": { "cartodb_id": 105, "layer": "MNR_and_LIRR_stations", "path": "/Users/stephanepierre/Downloads/MNR_and_LIRR_stations.geojson" }, "geometry": { "type": "Point", "coordinates": [ 1145033.377914109500125, 187638.558624963246984 ] } },
{ "type": "Feature", "properties": { "cartodb_id": 106, "layer": "MNR_and_LIRR_stations", "path": "/Users/stephanepierre/Downloads/MNR_and_LIRR_stations.geojson" }, "geometry": { "type": "Point", "coordinates": [ 1151124.981872758129612, 187960.18612232315354 ] } },
{ "type": "Feature", "properties": { "cartodb_id": 107, "layer": "MNR_and_LIRR_stations", "path": "/Users/stephanepierre/Downloads/MNR_and_LIRR_stations.geojson" }, "geometry": { "type": "Point", "coordinates": [ 1159185.254652071744204, 190658.352689302701037 ] } },
{ "type": "Feature", "properties": { "cartodb_id": 108, "layer": "MNR_and_LIRR_stations", "path": "/Users/stephanepierre/Downloads/MNR_and_LIRR_stations.geojson" }, "geometry": { "type": "Point", "coordinates": [ 1171674.20016017742455, 195276.623497624823358 ] } },
{ "type": "Feature", "properties": { "cartodb_id": 109, "layer": "MNR_and_LIRR_stations", "path": "/Users/stephanepierre/Downloads/MNR_and_LIRR_stations.geojson" }, "geometry": { "type": "Point", "coordinates": [ 1191001.028307711472735, 204086.637523849087302 ] } },
{ "type": "Feature", "properties": { "cartodb_id": 110, "layer": "MNR_and_LIRR_stations", "path": "/Users/stephanepierre/Downloads/MNR_and_LIRR_stations.geojson" }, "geometry": { "type": "Point", "coordinates": [ 1203369.57689738413319, 208348.669403008709196 ] } },
{ "type": "Feature", "properties": { "cartodb_id": 111, "layer": "MNR_and_LIRR_stations", "path": "/Users/stephanepierre/Downloads/MNR_and_LIRR_stations.geojson" }, "geometry": { "type": "Point", "coordinates": [ 1214197.345790176186711, 210128.477859837614233 ] } },
{ "type": "Feature", "properties": { "cartodb_id": 112, "layer": "MNR_and_LIRR_stations", "path": "/Users/stephanepierre/Downloads/MNR_and_LIRR_stations.geojson" }, "geometry": { "type": "Point", "coordinates": [ 1224649.851923780981451, 211315.522443946072599 ] } },
{ "type": "Feature", "properties": { "cartodb_id": 113, "layer": "MNR_and_LIRR_stations", "path": "/Users/stephanepierre/Downloads/MNR_and_LIRR_stations.geojson" }, "geometry": { "type": "Point", "coordinates": [ 1237401.901095765177161, 210326.631859432789497 ] } },
{ "type": "Feature", "properties": { "cartodb_id": 114, "layer": "MNR_and_LIRR_stations", "path": "/Users/stephanepierre/Downloads/MNR_and_LIRR_stations.geojson" }, "geometry": { "type": "Point", "coordinates": [ 1256907.268158961320296, 218378.83822099500685 ] } },
{ "type": "Feature", "properties": { "cartodb_id": 115, "layer": "MNR_and_LIRR_stations", "path": "/Users/stephanepierre/Downloads/MNR_and_LIRR_stations.geojson" }, "geometry": { "type": "Point", "coordinates": [ 1276738.527276137145236, 222931.085760508809472 ] } },
{ "type": "Feature", "properties": { "cartodb_id": 116, "layer": "MNR_and_LIRR_stations", "path": "/Users/stephanepierre/Downloads/MNR_and_LIRR_stations.geojson" }, "geometry": { "type": "Point", "coordinates": [ 1298648.024183690547943, 232405.323925706295995 ] } },
{ "type": "Feature", "properties": { "cartodb_id": 117, "layer": "MNR_and_LIRR_stations", "path": "/Users/stephanepierre/Downloads/MNR_and_LIRR_stations.geojson" }, "geometry": { "type": "Point", "coordinates": [ 1342864.687241368694231, 241104.340794509014813 ] } },
{ "type": "Feature", "properties": { "cartodb_id": 118, "layer": "MNR_and_LIRR_stations", "path": "/Users/stephanepierre/Downloads/MNR_and_LIRR_stations.geojson" }, "geometry": { "type": "Point", "coordinates": [ 1357743.828229904873297, 244655.770434132718947 ] } },
{ "type": "Feature", "properties": { "cartodb_id": 119, "layer": "MNR_and_LIRR_stations", "path": "/Users/stephanepierre/Downloads/MNR_and_LIRR_stations.geojson" }, "geometry": { "type": "Point", "coordinates": [ 1392426.508576295571402, 262086.175021479662973 ] } },
{ "type": "Feature", "properties": { "cartodb_id": 120, "layer": "MNR_and_LIRR_stations", "path": "/Users/stephanepierre/Downloads/MNR_and_LIRR_stations.geojson" }, "geometry": { "type": "Point", "coordinates": [ 1429309.632013877853751, 269335.044554606545717 ] } },
{ "type": "Feature", "properties": { "cartodb_id": 121, "layer": "MNR_and_LIRR_stations", "path": "/Users/stephanepierre/Downloads/MNR_and_LIRR_stations.geojson" }, "geometry": { "type": "Point", "coordinates": [ 1451131.551548201125115, 285878.343697903444991 ] } },
{ "type": "Feature", "properties": { "cartodb_id": 122, "layer": "MNR_and_LIRR_stations", "path": "/Users/stephanepierre/Downloads/MNR_and_LIRR_stations.geojson" }, "geometry": { "type": "Point", "coordinates": [ 1483202.021673732670024, 296029.72915947198635 ] } },
{ "type": "Feature", "properties": { "cartodb_id": 123, "layer": "MNR_and_LIRR_stations", "path": "/Users/stephanepierre/Downloads/MNR_and_LIRR_stations.geojson" }, "geometry": { "type": "Point", "coordinates": [ 1499904.205599760869518, 301828.206620486511383 ] } },
{ "type": "Feature", "properties": { "cartodb_id": 124, "layer": "MNR_and_LIRR_stations", "path": "/Users/stephanepierre/Downloads/MNR_and_LIRR_stations.geojson" }, "geometry": { "type": "Point", "coordinates": [ 1548594.095722432713956, 327358.948950110585429 ] } },
{ "type": "Feature", "properties": { "cartodb_id": 381, "layer": "Subway", "path": "/Users/stephanepierre/Downloads/Subway|layername=Subway" }, "geometry": { "type": "Point", "coordinates": [ 989341.784384269150905, 205583.191009915695759 ] } },
{ "type": "Feature", "properties": { "cartodb_id": 479, "layer": "Subway", "path": "/Users/stephanepierre/Downloads/Subway|layername=Subway" }, "geometry": { "type": "Point", "coordinates": [ 934715.76120219042059, 136231.145430045231478 ] } },
{ "type": "Feature", "properties": { "cartodb_id": 87, "layer": "Subway", "path": "/Users/stephanepierre/Downloads/Subway|layername=Subway" }, "geometry": { "type": "Point", "coordinates": [ 1009511.728128602029756, 180674.181810760608641 ] } },
{ "type": "Feature", "properties": { "cartodb_id": 152, "layer": "Subway", "path": "/Users/stephanepierre/Downloads/Subway|layername=Subway" }, "geometry": { "type": "Point", "coordinates": [ 985042.423682901542634, 202430.464698385330848 ] } },
{ "type": "Feature", "properties": { "cartodb_id": 247, "layer": "Subway", "path": "/Users/stephanepierre/Downloads/Subway|layername=Subway" }, "geometry": { "type": "Point", "coordinates": [ 1017753.073787659639493, 258018.337056760123232 ] } },
{ "type": "Feature", "properties": { "cartodb_id": 292, "layer": "Subway", "path": "/Users/stephanepierre/Downloads/Subway|layername=Subway" }, "geometry": { "type": "Point", "coordinates": [ 1029344.540990790585056, 201026.005454124795506 ] } },
{ "type": "Feature", "properties": { "cartodb_id": 156, "layer": "Subway", "path": "/Users/stephanepierre/Downloads/Subway|layername=Subway" }, "geometry": { "type": "Point", "coordinates": [ 1027020.151279320125468, 214243.780411513289437 ] } },
{ "type": "Feature", "properties": { "cartodb_id": 178, "layer": "Subway", "path": "/Users/stephanepierre/Downloads/Subway|layername=Subway" }, "geometry": { "type": "Point", "coordinates": [ 988065.159185488941148, 214702.190350544085959 ] } },
{ "type": "Feature", "properties": { "cartodb_id": 309, "layer": "Subway", "path": "/Users/stephanepierre/Downloads/Subway|layername=Subway" }, "geometry": { "type": "Point", "coordinates": [ 990642.239711451227777, 168714.076104606472654 ] } },
{ "type": "Feature", "properties": { "cartodb_id": 335, "layer": "Subway", "path": "/Users/stephanepierre/Downloads/Subway|layername=Subway" }, "geometry": { "type": "Point", "coordinates": [ 998181.313096679048613, 210363.792896260973066 ] } },
{ "type": "Feature", "properties": { "cartodb_id": 458, "layer": "Subway", "path": "/Users/stephanepierre/Downloads/Subway|layername=Subway" }, "geometry": { "type": "Point", "coordinates": [ 988934.845822446397506, 186041.505656592285959 ] } },
{ "type": "Feature", "properties": { "cartodb_id": 163, "layer": "Subway", "path": "/Users/stephanepierre/Downloads/Subway|layername=Subway" }, "geometry": { "type": "Point", "coordinates": [ 1012955.483103591832332, 211200.182972790324129 ] } },
{ "type": "Feature", "properties": { "cartodb_id": 253, "layer": "Subway", "path": "/Users/stephanepierre/Downloads/Subway|layername=Subway" }, "geometry": { "type": "Point", "coordinates": [ 1009112.996424694312736, 247474.529498088813853 ] } },
{ "type": "Feature", "properties": { "cartodb_id": 298, "layer": "Subway", "path": "/Users/stephanepierre/Downloads/Subway|layername=Subway" }, "geometry": { "type": "Point", "coordinates": [ 986974.230530404252931, 199302.459265165554825 ] } },
{ "type": "Feature", "properties": { "cartodb_id": 463, "layer": "Subway", "path": "/Users/stephanepierre/Downloads/Subway|layername=Subway" }, "geometry": { "type": "Point", "coordinates": [ 981473.393721670261584, 175702.638020413985942 ] } },
{ "type": "Feature", "properties": { "cartodb_id": 1, "layer": "Subway", "path": "/Users/stephanepierre/Downloads/Subway|layername=Subway" }, "geometry": { "type": "Point", "coordinates": [ 1012291.12502452544868, 263271.359224776562769 ] } },
{ "type": "Feature", "properties": { "cartodb_id": 2, "layer": "Subway", "path": "/Users/stephanepierre/Downloads/Subway|layername=Subway" }, "geometry": { "type": "Point", "coordinates": [ 1011660.672601778875105, 261601.594674665218918 ] } },
{ "type": "Feature", "properties": { "cartodb_id": 3, "layer": "Subway", "path": "/Users/stephanepierre/Downloads/Subway|layername=Subway" }, "geometry": { "type": "Point", "coordinates": [ 1010566.875627954490483, 259483.201728724554414 ] } },
{ "type": "Feature", "properties": { "cartodb_id": 4, "layer": "Subway", "path": "/Users/stephanepierre/Downloads/Subway|layername=Subway" }, "geometry": { "type": "Point", "coordinates": [ 1009186.63027020660229, 257916.901546242239419 ] } },
{ "type": "Feature", "properties": { "cartodb_id": 5, "layer": "Subway", "path": "/Users/stephanepierre/Downloads/Subway|layername=Subway" }, "geometry": { "type": "Point", "coordinates": [ 1007681.761556389275938, 256051.07389348783181 ] } },
{ "type": "Feature", "properties": { "cartodb_id": 6, "layer": "Subway", "path": "/Users/stephanepierre/Downloads/Subway|layername=Subway" }, "geometry": { "type": "Point", "coordinates": [ 1006703.48015805974137, 254292.940582401788561 ] } },
{ "type": "Feature", "properties": { "cartodb_id": 7, "layer": "Subway", "path": "/Users/stephanepierre/Downloads/Subway|layername=Subway" }, "geometry": { "type": "Point", "coordinates": [ 1004847.678284054622054, 252801.14464791410137 ] } },
{ "type": "Feature", "properties": { "cartodb_id": 8, "layer": "Subway", "path": "/Users/stephanepierre/Downloads/Subway|layername=Subway" }, "geometry": { "type": "Point", "coordinates": [ 1003777.082439913530834, 250867.079076713416725 ] } },
{ "type": "Feature", "properties": { "cartodb_id": 9, "layer": "Subway", "path": "/Users/stephanepierre/Downloads/Subway|layername=Subway" }, "geometry": { "type": "Point", "coordinates": [ 1002621.219231337425299, 248782.162173886725213 ] } },
{ "type": "Feature", "properties": { "cartodb_id": 10, "layer": "Subway", "path": "/Users/stephanepierre/Downloads/Subway|layername=Subway" }, "geometry": { "type": "Point", "coordinates": [ 1000814.925431127310731, 245520.404403909778921 ] } },
{ "type": "Feature", "properties": { "cartodb_id": 11, "layer": "Subway", "path": "/Users/stephanepierre/Downloads/Subway|layername=Subway" }, "geometry": { "type": "Point", "coordinates": [ 999500.173080597538501, 243145.886389675899409 ] } },
{ "type": "Feature", "properties": { "cartodb_id": 12, "layer": "Subway", "path": "/Users/stephanepierre/Downloads/Subway|layername=Subway" }, "geometry": { "type": "Point", "coordinates": [ 997988.040771189262159, 240416.102031893271487 ] } },
{ "type": "Feature", "properties": { "cartodb_id": 35, "layer": "Subway", "path": "/Users/stephanepierre/Downloads/Subway|layername=Subway" }, "geometry": { "type": "Point", "coordinates": [ 981681.256720007397234, 199944.744450873200549 ] } },
{ "type": "Feature", "properties": { "cartodb_id": 13, "layer": "Subway", "path": "/Users/stephanepierre/Downloads/Subway|layername=Subway" }, "geometry": { "type": "Point", "coordinates": [ 997071.196863448945805, 238760.420960252260556 ] } },
{ "type": "Feature", "properties": { "cartodb_id": 14, "layer": "Subway", "path": "/Users/stephanepierre/Downloads/Subway|layername=Subway" }, "geometry": { "type": "Point", "coordinates": [ 995772.579845994128846, 236418.183212199655827 ] } },
{ "type": "Feature", "properties": { "cartodb_id": 15, "layer": "Subway", "path": "/Users/stephanepierre/Downloads/Subway|layername=Subway" }, "geometry": { "type": "Point", "coordinates": [ 994185.471375656896271, 233554.16991725913249 ] } },
{ "type": "Feature", "properties": { "cartodb_id": 16, "layer": "Subway", "path": "/Users/stephanepierre/Downloads/Subway|layername=Subway" }, "geometry": { "type": "Point", "coordinates": [ 993428.296502544428222, 232185.793861142214155 ] } },
{ "type": "Feature", "properties": { "cartodb_id": 17, "layer": "Subway", "path": "/Users/stephanepierre/Downloads/Subway|layername=Subway" }, "geometry": { "type": "Point", "coordinates": [ 993004.758676758152433, 230538.48103725319379 ] } },
{ "type": "Feature", "properties": { "cartodb_id": 18, "layer": "Subway", "path": "/Users/stephanepierre/Downloads/Subway|layername=Subway" }, "geometry": { "type": "Point", "coordinates": [ 991913.428659716038965, 228524.435610806947807 ] } },
{ "type": "Feature", "properties": { "cartodb_id": 19, "layer": "Subway", "path": "/Users/stephanepierre/Downloads/Subway|layername=Subway" }, "geometry": { "type": "Point", "coordinates": [ 990835.461088148411363, 226602.256854976789327 ] } },
{ "type": "Feature", "properties": { "cartodb_id": 20, "layer": "Subway", "path": "/Users/stephanepierre/Downloads/Subway|layername=Subway" }, "geometry": { "type": "Point", "coordinates": [ 989811.554529517423362, 224885.988401320180856 ] } },
{ "type": "Feature", "properties": { "cartodb_id": 21, "layer": "Subway", "path": "/Users/stephanepierre/Downloads/Subway|layername=Subway" }, "geometry": { "type": "Point", "coordinates": [ 989243.423648246214725, 222888.954020826902706 ] } },
{ "type": "Feature", "properties": { "cartodb_id": 22, "layer": "Subway", "path": "/Users/stephanepierre/Downloads/Subway|layername=Subway" }, "geometry": { "type": "Point", "coordinates": [ 989177.602418664959259, 221062.539968725322979 ] } },
{ "type": "Feature", "properties": { "cartodb_id": 23, "layer": "Subway", "path": "/Users/stephanepierre/Downloads/Subway|layername=Subway" }, "geometry": { "type": "Point", "coordinates": [ 989255.546099052298814, 219170.577100641909055 ] } },
{ "type": "Feature", "properties": { "cartodb_id": 24, "layer": "Subway", "path": "/Users/stephanepierre/Downloads/Subway|layername=Subway" }, "geometry": { "type": "Point", "coordinates": [ 988724.148803831078112, 216795.390655549097573 ] } },
{ "type": "Feature", "properties": { "cartodb_id": 25, "layer": "Subway", "path": "/Users/stephanepierre/Downloads/Subway|layername=Subway" }, "geometry": { "type": "Point", "coordinates": [ 987714.451724674901925, 214449.655343813443324 ] } },
{ "type": "Feature", "properties": { "cartodb_id": 26, "layer": "Subway", "path": "/Users/stephanepierre/Downloads/Subway|layername=Subway" }, "geometry": { "type": "Point", "coordinates": [ 986727.777313772472553, 212658.114759121235693 ] } },
{ "type": "Feature", "properties": { "cartodb_id": 27, "layer": "Subway", "path": "/Users/stephanepierre/Downloads/Subway|layername=Subway" }, "geometry": { "type": "Point", "coordinates": [ 986088.38425700366497, 211507.494338442658773 ] } },
{ "type": "Feature", "properties": { "cartodb_id": 28, "layer": "Subway", "path": "/Users/stephanepierre/Downloads/Subway|layername=Subway" }, "geometry": { "type": "Point", "coordinates": [ 985453.363957018824294, 210365.634891741792671 ] } },
{ "type": "Feature", "properties": { "cartodb_id": 29, "layer": "Subway", "path": "/Users/stephanepierre/Downloads/Subway|layername=Subway" }, "geometry": { "type": "Point", "coordinates": [ 984839.897715146071278, 209257.67600062082056 ] } },
{ "type": "Feature", "properties": { "cartodb_id": 30, "layer": "Subway", "path": "/Users/stephanepierre/Downloads/Subway|layername=Subway" }, "geometry": { "type": "Point", "coordinates": [ 984194.229222432943061, 208086.703434389783069 ] } },
{ "type": "Feature", "properties": { "cartodb_id": 31, "layer": "Subway", "path": "/Users/stephanepierre/Downloads/Subway|layername=Subway" }, "geometry": { "type": "Point", "coordinates": [ 983444.559222653624602, 206482.194822542049224 ] } },
{ "type": "Feature", "properties": { "cartodb_id": 32, "layer": "Subway", "path": "/Users/stephanepierre/Downloads/Subway|layername=Subway" }, "geometry": { "type": "Point", "coordinates": [ 982762.400736244162545, 204598.263991402636748 ] } },
{ "type": "Feature", "properties": { "cartodb_id": 33, "layer": "Subway", "path": "/Users/stephanepierre/Downloads/Subway|layername=Subway" }, "geometry": { "type": "Point", "coordinates": [ 982510.04470922157634, 202631.981827997457003 ] } },
{ "type": "Feature", "properties": { "cartodb_id": 34, "layer": "Subway", "path": "/Users/stephanepierre/Downloads/Subway|layername=Subway" }, "geometry": { "type": "Point", "coordinates": [ 982341.139611548627727, 201343.717932909494266 ] } },
{ "type": "Feature", "properties": { "cartodb_id": 237, "layer": "Subway", "path": "/Users/stephanepierre/Downloads/Subway|layername=Subway" }, "geometry": { "type": "Point", "coordinates": [ 985695.737247896031477, 171083.217245031119091 ] } },
{ "type": "Feature", "properties": { "cartodb_id": 36, "layer": "Subway", "path": "/Users/stephanepierre/Downloads/Subway|layername=Subway" }, "geometry": { "type": "Point", "coordinates": [ 980871.047662704368122, 198617.582859602669487 ] } },
{ "type": "Feature", "properties": { "cartodb_id": 37, "layer": "Subway", "path": "/Users/stephanepierre/Downloads/Subway|layername=Subway" }, "geometry": { "type": "Point", "coordinates": [ 980428.618320220150054, 197043.009020013036206 ] } },
{ "type": "Feature", "properties": { "cartodb_id": 38, "layer": "Subway", "path": "/Users/stephanepierre/Downloads/Subway|layername=Subway" }, "geometry": { "type": "Point", "coordinates": [ 980461.305456539499573, 195059.223783920140704 ] } },
{ "type": "Feature", "properties": { "cartodb_id": 39, "layer": "Subway", "path": "/Users/stephanepierre/Downloads/Subway|layername=Subway" }, "geometry": { "type": "Point", "coordinates": [ 1025543.97622802038677, 268346.317648697237018 ] } },
{ "type": "Feature", "properties": { "cartodb_id": 40, "layer": "Subway", "path": "/Users/stephanepierre/Downloads/Subway|layername=Subway" }, "geometry": { "type": "Point", "coordinates": [ 1024508.557894571102224, 266615.408107245049905 ] } },
{ "type": "Feature", "properties": { "cartodb_id": 41, "layer": "Subway", "path": "/Users/stephanepierre/Downloads/Subway|layername=Subway" }, "geometry": { "type": "Point", "coordinates": [ 1023655.449451902299188, 264724.531112413911615 ] } },
{ "type": "Feature", "properties": { "cartodb_id": 42, "layer": "Subway", "path": "/Users/stephanepierre/Downloads/Subway|layername=Subway" }, "geometry": { "type": "Point", "coordinates": [ 1022865.516863980563357, 262839.252149619802367 ] } },
{ "type": "Feature", "properties": { "cartodb_id": 43, "layer": "Subway", "path": "/Users/stephanepierre/Downloads/Subway|layername=Subway" }, "geometry": { "type": "Point", "coordinates": [ 1022234.139950544806197, 261334.62042952797492 ] } },
{ "type": "Feature", "properties": { "cartodb_id": 44, "layer": "Subway", "path": "/Users/stephanepierre/Downloads/Subway|layername=Subway" }, "geometry": { "type": "Point", "coordinates": [ 1021235.685747255571187, 259130.63891847935156 ] } },
{ "type": "Feature", "properties": { "cartodb_id": 45, "layer": "Subway", "path": "/Users/stephanepierre/Downloads/Subway|layername=Subway" }, "geometry": { "type": "Point", "coordinates": [ 1020988.175202684942633, 256764.241743508260697 ] } },
{ "type": "Feature", "properties": { "cartodb_id": 46, "layer": "Subway", "path": "/Users/stephanepierre/Downloads/Subway|layername=Subway" }, "geometry": { "type": "Point", "coordinates": [ 1020939.433079701615497, 254616.75380937178852 ] } },
{ "type": "Feature", "properties": { "cartodb_id": 47, "layer": "Subway", "path": "/Users/stephanepierre/Downloads/Subway|layername=Subway" }, "geometry": { "type": "Point", "coordinates": [ 1020871.24407172750216, 251603.570938788412604 ] } },
{ "type": "Feature", "properties": { "cartodb_id": 48, "layer": "Subway", "path": "/Users/stephanepierre/Downloads/Subway|layername=Subway" }, "geometry": { "type": "Point", "coordinates": [ 1020642.901326359598897, 248555.903588420944288 ] } },
{ "type": "Feature", "properties": { "cartodb_id": 49, "layer": "Subway", "path": "/Users/stephanepierre/Downloads/Subway|layername=Subway" }, "geometry": { "type": "Point", "coordinates": [ 1019254.664326884783804, 246027.539972822210984 ] } },
{ "type": "Feature", "properties": { "cartodb_id": 50, "layer": "Subway", "path": "/Users/stephanepierre/Downloads/Subway|layername=Subway" }, "geometry": { "type": "Point", "coordinates": [ 1017440.093326796661131, 245442.40858851763187 ] } },
{ "type": "Feature", "properties": { "cartodb_id": 235, "layer": "Subway", "path": "/Users/stephanepierre/Downloads/Subway|layername=Subway" }, "geometry": { "type": "Point", "coordinates": [ 985825.108001843793318, 174738.163138266740134 ] } },
{ "type": "Feature", "properties": { "cartodb_id": 51, "layer": "Subway", "path": "/Users/stephanepierre/Downloads/Subway|layername=Subway" }, "geometry": { "type": "Point", "coordinates": [ 1015315.076907430542633, 244344.026544432737865 ] } },
{ "type": "Feature", "properties": { "cartodb_id": 52, "layer": "Subway", "path": "/Users/stephanepierre/Downloads/Subway|layername=Subway" }, "geometry": { "type": "Point", "coordinates": [ 1014175.2693166321842, 241684.754858975327807 ] } },
{ "type": "Feature", "properties": { "cartodb_id": 53, "layer": "Subway", "path": "/Users/stephanepierre/Downloads/Subway|layername=Subway" }, "geometry": { "type": "Point", "coordinates": [ 1013846.091255591367371, 239527.479884168016724 ] } },
{ "type": "Feature", "properties": { "cartodb_id": 54, "layer": "Subway", "path": "/Users/stephanepierre/Downloads/Subway|layername=Subway" }, "geometry": { "type": "Point", "coordinates": [ 1012830.622594315442257, 238836.936043609544868 ] } },
{ "type": "Feature", "properties": { "cartodb_id": 55, "layer": "Subway", "path": "/Users/stephanepierre/Downloads/Subway|layername=Subway" }, "geometry": { "type": "Point", "coordinates": [ 1011438.408223296632059, 237889.516606602264801 ] } },
{ "type": "Feature", "properties": { "cartodb_id": 56, "layer": "Subway", "path": "/Users/stephanepierre/Downloads/Subway|layername=Subway" }, "geometry": { "type": "Point", "coordinates": [ 1009768.651405176497065, 236760.080076822574483 ] } },
{ "type": "Feature", "properties": { "cartodb_id": 57, "layer": "Subway", "path": "/Users/stephanepierre/Downloads/Subway|layername=Subway" }, "geometry": { "type": "Point", "coordinates": [ 1007014.654372847522609, 236618.521224651194643 ] } },
{ "type": "Feature", "properties": { "cartodb_id": 58, "layer": "Subway", "path": "/Users/stephanepierre/Downloads/Subway|layername=Subway" }, "geometry": { "type": "Point", "coordinates": [ 1004533.562951958621852, 237454.650010250421474 ] } },
{ "type": "Feature", "properties": { "cartodb_id": 59, "layer": "Subway", "path": "/Users/stephanepierre/Downloads/Subway|layername=Subway" }, "geometry": { "type": "Point", "coordinates": [ 1000645.157100017066114, 235928.415947827277705 ] } },
{ "type": "Feature", "properties": { "cartodb_id": 60, "layer": "Subway", "path": "/Users/stephanepierre/Downloads/Subway|layername=Subway" }, "geometry": { "type": "Point", "coordinates": [ 999338.716031337273307, 233568.496629649453098 ] } },
{ "type": "Feature", "properties": { "cartodb_id": 61, "layer": "Subway", "path": "/Users/stephanepierre/Downloads/Subway|layername=Subway" }, "geometry": { "type": "Point", "coordinates": [ 998196.580464686383493, 231507.13448122414411 ] } },
{ "type": "Feature", "properties": { "cartodb_id": 62, "layer": "Subway", "path": "/Users/stephanepierre/Downloads/Subway|layername=Subway" }, "geometry": { "type": "Point", "coordinates": [ 997588.932230161502957, 230405.408958318381337 ] } },
{ "type": "Feature", "properties": { "cartodb_id": 63, "layer": "Subway", "path": "/Users/stephanepierre/Downloads/Subway|layername=Subway" }, "geometry": { "type": "Point", "coordinates": [ 981807.303021251689643, 199060.50030377600342 ] } },
{ "type": "Feature", "properties": { "cartodb_id": 64, "layer": "Subway", "path": "/Users/stephanepierre/Downloads/Subway|layername=Subway" }, "geometry": { "type": "Point", "coordinates": [ 982428.193983041332103, 197736.104839340376202 ] } },
{ "type": "Feature", "properties": { "cartodb_id": 65, "layer": "Subway", "path": "/Users/stephanepierre/Downloads/Subway|layername=Subway" }, "geometry": { "type": "Point", "coordinates": [ 981726.953031526063569, 196790.726808563165832 ] } },
{ "type": "Feature", "properties": { "cartodb_id": 66, "layer": "Subway", "path": "/Users/stephanepierre/Downloads/Subway|layername=Subway" }, "geometry": { "type": "Point", "coordinates": [ 986167.153881248785183, 193382.370836742047686 ] } },
{ "type": "Feature", "properties": { "cartodb_id": 67, "layer": "Subway", "path": "/Users/stephanepierre/Downloads/Subway|layername=Subway" }, "geometry": { "type": "Point", "coordinates": [ 987023.610603701556101, 191835.144684917089762 ] } },
{ "type": "Feature", "properties": { "cartodb_id": 68, "layer": "Subway", "path": "/Users/stephanepierre/Downloads/Subway|layername=Subway" }, "geometry": { "type": "Point", "coordinates": [ 988391.746314061223529, 190861.123520193854347 ] } },
{ "type": "Feature", "properties": { "cartodb_id": 69, "layer": "Subway", "path": "/Users/stephanepierre/Downloads/Subway|layername=Subway" }, "geometry": { "type": "Point", "coordinates": [ 989660.121590826543979, 190023.780864484026097 ] } },
{ "type": "Feature", "properties": { "cartodb_id": 70, "layer": "Subway", "path": "/Users/stephanepierre/Downloads/Subway|layername=Subway" }, "geometry": { "type": "Point", "coordinates": [ 990444.220206486643292, 188607.819783312181244 ] } },
{ "type": "Feature", "properties": { "cartodb_id": 71, "layer": "Subway", "path": "/Users/stephanepierre/Downloads/Subway|layername=Subway" }, "geometry": { "type": "Point", "coordinates": [ 991156.813423475367017, 187321.929784341307823 ] } },
{ "type": "Feature", "properties": { "cartodb_id": 72, "layer": "Subway", "path": "/Users/stephanepierre/Downloads/Subway|layername=Subway" }, "geometry": { "type": "Point", "coordinates": [ 992281.357352146413177, 185284.219044668396236 ] } },
{ "type": "Feature", "properties": { "cartodb_id": 73, "layer": "Subway", "path": "/Users/stephanepierre/Downloads/Subway|layername=Subway" }, "geometry": { "type": "Point", "coordinates": [ 994132.271047234418802, 184101.56395518447971 ] } },
{ "type": "Feature", "properties": { "cartodb_id": 74, "layer": "Subway", "path": "/Users/stephanepierre/Downloads/Subway|layername=Subway" }, "geometry": { "type": "Point", "coordinates": [ 995864.570741342846304, 183626.88444082494243 ] } },
{ "type": "Feature", "properties": { "cartodb_id": 75, "layer": "Subway", "path": "/Users/stephanepierre/Downloads/Subway|layername=Subway" }, "geometry": { "type": "Point", "coordinates": [ 997931.245376374688931, 182608.20766344058211 ] } },
{ "type": "Feature", "properties": { "cartodb_id": 76, "layer": "Subway", "path": "/Users/stephanepierre/Downloads/Subway|layername=Subway" }, "geometry": { "type": "Point", "coordinates": [ 997885.970949260867201, 180735.16748068947345 ] } },
{ "type": "Feature", "properties": { "cartodb_id": 77, "layer": "Subway", "path": "/Users/stephanepierre/Downloads/Subway|layername=Subway" }, "geometry": { "type": "Point", "coordinates": [ 998067.56930823228322, 178516.509195499704219 ] } },
{ "type": "Feature", "properties": { "cartodb_id": 78, "layer": "Subway", "path": "/Users/stephanepierre/Downloads/Subway|layername=Subway" }, "geometry": { "type": "Point", "coordinates": [ 998242.204316765535623, 176400.22603272573906 ] } },
{ "type": "Feature", "properties": { "cartodb_id": 79, "layer": "Subway", "path": "/Users/stephanepierre/Downloads/Subway|layername=Subway" }, "geometry": { "type": "Point", "coordinates": [ 998414.358299968880601, 174307.261059482902056 ] } },
{ "type": "Feature", "properties": { "cartodb_id": 80, "layer": "Subway", "path": "/Users/stephanepierre/Downloads/Subway|layername=Subway" }, "geometry": { "type": "Point", "coordinates": [ 998567.537345222895965, 172437.984681810135953 ] } },
{ "type": "Feature", "properties": { "cartodb_id": 81, "layer": "Subway", "path": "/Users/stephanepierre/Downloads/Subway|layername=Subway" }, "geometry": { "type": "Point", "coordinates": [ 998782.515451590297744, 169840.092223133484367 ] } },
{ "type": "Feature", "properties": { "cartodb_id": 82, "layer": "Subway", "path": "/Users/stephanepierre/Downloads/Subway|layername=Subway" }, "geometry": { "type": "Point", "coordinates": [ 997991.03865812101867, 183323.783700130530633 ] } },
{ "type": "Feature", "properties": { "cartodb_id": 83, "layer": "Subway", "path": "/Users/stephanepierre/Downloads/Subway|layername=Subway" }, "geometry": { "type": "Point", "coordinates": [ 1000295.008841104223393, 183161.981346568762092 ] } },
{ "type": "Feature", "properties": { "cartodb_id": 131, "layer": "Subway", "path": "/Users/stephanepierre/Downloads/Subway|layername=Subway" }, "geometry": { "type": "Point", "coordinates": [ 1009813.156373000936583, 233928.877949445712147 ] } },
{ "type": "Feature", "properties": { "cartodb_id": 84, "layer": "Subway", "path": "/Users/stephanepierre/Downloads/Subway|layername=Subway" }, "geometry": { "type": "Point", "coordinates": [ 1002852.577953061903827, 182980.917044486384839 ] } },
{ "type": "Feature", "properties": { "cartodb_id": 85, "layer": "Subway", "path": "/Users/stephanepierre/Downloads/Subway|layername=Subway" }, "geometry": { "type": "Point", "coordinates": [ 1005720.131326717557386, 181460.392726078076521 ] } },
{ "type": "Feature", "properties": { "cartodb_id": 86, "layer": "Subway", "path": "/Users/stephanepierre/Downloads/Subway|layername=Subway" }, "geometry": { "type": "Point", "coordinates": [ 1007464.348368724109605, 180272.83100872169598 ] } },
{ "type": "Feature", "properties": { "cartodb_id": 88, "layer": "Subway", "path": "/Users/stephanepierre/Downloads/Subway|layername=Subway" }, "geometry": { "type": "Point", "coordinates": [ 1011314.39796451269649, 181028.068129212188069 ] } },
{ "type": "Feature", "properties": { "cartodb_id": 89, "layer": "Subway", "path": "/Users/stephanepierre/Downloads/Subway|layername=Subway" }, "geometry": { "type": "Point", "coordinates": [ 1013409.080592504236847, 181438.544149272493087 ] } },
{ "type": "Feature", "properties": { "cartodb_id": 90, "layer": "Subway", "path": "/Users/stephanepierre/Downloads/Subway|layername=Subway" }, "geometry": { "type": "Point", "coordinates": [ 1014934.560600997298025, 181736.989526190183824 ] } },
{ "type": "Feature", "properties": { "cartodb_id": 91, "layer": "Subway", "path": "/Users/stephanepierre/Downloads/Subway|layername=Subway" }, "geometry": { "type": "Point", "coordinates": [ 1016408.971248328103684, 182025.261755395535147 ] } },
{ "type": "Feature", "properties": { "cartodb_id": 92, "layer": "Subway", "path": "/Users/stephanepierre/Downloads/Subway|layername=Subway" }, "geometry": { "type": "Point", "coordinates": [ 1001832.8729268447496, 239445.451860677218065 ] } },
{ "type": "Feature", "properties": { "cartodb_id": 93, "layer": "Subway", "path": "/Users/stephanepierre/Downloads/Subway|layername=Subway" }, "geometry": { "type": "Point", "coordinates": [ 1001896.062764065572992, 238185.26085937928292 ] } },
{ "type": "Feature", "properties": { "cartodb_id": 94, "layer": "Subway", "path": "/Users/stephanepierre/Downloads/Subway|layername=Subway" }, "geometry": { "type": "Point", "coordinates": [ 1017776.17249806295149, 262108.446442125044996 ] } },
{ "type": "Feature", "properties": { "cartodb_id": 95, "layer": "Subway", "path": "/Users/stephanepierre/Downloads/Subway|layername=Subway" }, "geometry": { "type": "Point", "coordinates": [ 1016146.690627031959593, 259815.637817446666304 ] } },
{ "type": "Feature", "properties": { "cartodb_id": 96, "layer": "Subway", "path": "/Users/stephanepierre/Downloads/Subway|layername=Subway" }, "geometry": { "type": "Point", "coordinates": [ 1014653.820085860905237, 257504.532011381001212 ] } },
{ "type": "Feature", "properties": { "cartodb_id": 97, "layer": "Subway", "path": "/Users/stephanepierre/Downloads/Subway|layername=Subway" }, "geometry": { "type": "Point", "coordinates": [ 1012689.897544461186044, 255442.899164962902432 ] } },
{ "type": "Feature", "properties": { "cartodb_id": 98, "layer": "Subway", "path": "/Users/stephanepierre/Downloads/Subway|layername=Subway" }, "geometry": { "type": "Point", "coordinates": [ 1011624.326705386512913, 253635.643394309066935 ] } },
{ "type": "Feature", "properties": { "cartodb_id": 99, "layer": "Subway", "path": "/Users/stephanepierre/Downloads/Subway|layername=Subway" }, "geometry": { "type": "Point", "coordinates": [ 1010839.146264659590088, 252033.136584686319111 ] } },
{ "type": "Feature", "properties": { "cartodb_id": 100, "layer": "Subway", "path": "/Users/stephanepierre/Downloads/Subway|layername=Subway" }, "geometry": { "type": "Point", "coordinates": [ 1009788.50106128945481, 250227.074385677755345 ] } },
{ "type": "Feature", "properties": { "cartodb_id": 101, "layer": "Subway", "path": "/Users/stephanepierre/Downloads/Subway|layername=Subway" }, "geometry": { "type": "Point", "coordinates": [ 1008653.323550957487896, 248414.051677469775314 ] } },
{ "type": "Feature", "properties": { "cartodb_id": 102, "layer": "Subway", "path": "/Users/stephanepierre/Downloads/Subway|layername=Subway" }, "geometry": { "type": "Point", "coordinates": [ 1007854.925083007896319, 246939.150747982901521 ] } },
{ "type": "Feature", "properties": { "cartodb_id": 103, "layer": "Subway", "path": "/Users/stephanepierre/Downloads/Subway|layername=Subway" }, "geometry": { "type": "Point", "coordinates": [ 1006997.046390126575716, 245350.183830370428041 ] } },
{ "type": "Feature", "properties": { "cartodb_id": 104, "layer": "Subway", "path": "/Users/stephanepierre/Downloads/Subway|layername=Subway" }, "geometry": { "type": "Point", "coordinates": [ 1005999.925015141721815, 243695.906755085132318 ] } },
{ "type": "Feature", "properties": { "cartodb_id": 105, "layer": "Subway", "path": "/Users/stephanepierre/Downloads/Subway|layername=Subway" }, "geometry": { "type": "Point", "coordinates": [ 1004776.117261969135143, 240946.648577130574267 ] } },
{ "type": "Feature", "properties": { "cartodb_id": 106, "layer": "Subway", "path": "/Users/stephanepierre/Downloads/Subway|layername=Subway" }, "geometry": { "type": "Point", "coordinates": [ 1004358.366234884946607, 237441.752017051097937 ] } },
{ "type": "Feature", "properties": { "cartodb_id": 107, "layer": "Subway", "path": "/Users/stephanepierre/Downloads/Subway|layername=Subway" }, "geometry": { "type": "Point", "coordinates": [ 1003668.450831914902665, 235564.497244846686954 ] } },
{ "type": "Feature", "properties": { "cartodb_id": 108, "layer": "Subway", "path": "/Users/stephanepierre/Downloads/Subway|layername=Subway" }, "geometry": { "type": "Point", "coordinates": [ 981613.694536739261821, 198083.019895894860383 ] } },
{ "type": "Feature", "properties": { "cartodb_id": 109, "layer": "Subway", "path": "/Users/stephanepierre/Downloads/Subway|layername=Subway" }, "geometry": { "type": "Point", "coordinates": [ 980961.217164313071407, 197058.963356817926979 ] } },
{ "type": "Feature", "properties": { "cartodb_id": 110, "layer": "Subway", "path": "/Users/stephanepierre/Downloads/Subway|layername=Subway" }, "geometry": { "type": "Point", "coordinates": [ 980350.278104915632866, 196060.785697065672139 ] } },
{ "type": "Feature", "properties": { "cartodb_id": 111, "layer": "Subway", "path": "/Users/stephanepierre/Downloads/Subway|layername=Subway" }, "geometry": { "type": "Point", "coordinates": [ 986981.216155276051722, 191538.210753398161614 ] } },
{ "type": "Feature", "properties": { "cartodb_id": 112, "layer": "Subway", "path": "/Users/stephanepierre/Downloads/Subway|layername=Subway" }, "geometry": { "type": "Point", "coordinates": [ 1031023.972097313497216, 262954.938034823688213 ] } },
{ "type": "Feature", "properties": { "cartodb_id": 113, "layer": "Subway", "path": "/Users/stephanepierre/Downloads/Subway|layername=Subway" }, "geometry": { "type": "Point", "coordinates": [ 1028885.65165813814383, 259439.751514253934147 ] } },
{ "type": "Feature", "properties": { "cartodb_id": 114, "layer": "Subway", "path": "/Users/stephanepierre/Downloads/Subway|layername=Subway" }, "geometry": { "type": "Point", "coordinates": [ 1026736.432485453900881, 256106.9117607215303 ] } },
{ "type": "Feature", "properties": { "cartodb_id": 115, "layer": "Subway", "path": "/Users/stephanepierre/Downloads/Subway|layername=Subway" }, "geometry": { "type": "Point", "coordinates": [ 1024260.507799899438396, 252262.195770162215922 ] } },
{ "type": "Feature", "properties": { "cartodb_id": 116, "layer": "Subway", "path": "/Users/stephanepierre/Downloads/Subway|layername=Subway" }, "geometry": { "type": "Point", "coordinates": [ 1022842.471026312094182, 250576.285725426423596 ] } },
{ "type": "Feature", "properties": { "cartodb_id": 117, "layer": "Subway", "path": "/Users/stephanepierre/Downloads/Subway|layername=Subway" }, "geometry": { "type": "Point", "coordinates": [ 1031799.737265152158216, 249899.252757770183962 ] } },
{ "type": "Feature", "properties": { "cartodb_id": 118, "layer": "Subway", "path": "/Users/stephanepierre/Downloads/Subway|layername=Subway" }, "geometry": { "type": "Point", "coordinates": [ 1030573.149875919916667, 247837.635801867872942 ] } },
{ "type": "Feature", "properties": { "cartodb_id": 119, "layer": "Subway", "path": "/Users/stephanepierre/Downloads/Subway|layername=Subway" }, "geometry": { "type": "Point", "coordinates": [ 1029536.813329656026326, 246761.971688712539617 ] } },
{ "type": "Feature", "properties": { "cartodb_id": 120, "layer": "Subway", "path": "/Users/stephanepierre/Downloads/Subway|layername=Subway" }, "geometry": { "type": "Point", "coordinates": [ 1027705.002833944512531, 245311.830361700325739 ] } },
{ "type": "Feature", "properties": { "cartodb_id": 121, "layer": "Subway", "path": "/Users/stephanepierre/Downloads/Subway|layername=Subway" }, "geometry": { "type": "Point", "coordinates": [ 1026577.130117052001879, 244069.628409157652641 ] } },
{ "type": "Feature", "properties": { "cartodb_id": 122, "layer": "Subway", "path": "/Users/stephanepierre/Downloads/Subway|layername=Subway" }, "geometry": { "type": "Point", "coordinates": [ 1025420.190618230495602, 243254.068977437651483 ] } },
{ "type": "Feature", "properties": { "cartodb_id": 123, "layer": "Subway", "path": "/Users/stephanepierre/Downloads/Subway|layername=Subway" }, "geometry": { "type": "Point", "coordinates": [ 1022765.91006742848549, 242874.798520410433412 ] } },
{ "type": "Feature", "properties": { "cartodb_id": 124, "layer": "Subway", "path": "/Users/stephanepierre/Downloads/Subway|layername=Subway" }, "geometry": { "type": "Point", "coordinates": [ 1020884.55935103923548, 242246.312551962269936 ] } },
{ "type": "Feature", "properties": { "cartodb_id": 125, "layer": "Subway", "path": "/Users/stephanepierre/Downloads/Subway|layername=Subway" }, "geometry": { "type": "Point", "coordinates": [ 1018976.685554227558896, 241519.199712502915645 ] } },
{ "type": "Feature", "properties": { "cartodb_id": 126, "layer": "Subway", "path": "/Users/stephanepierre/Downloads/Subway|layername=Subway" }, "geometry": { "type": "Point", "coordinates": [ 1017692.241788729093969, 241176.008132603368722 ] } },
{ "type": "Feature", "properties": { "cartodb_id": 127, "layer": "Subway", "path": "/Users/stephanepierre/Downloads/Subway|layername=Subway" }, "geometry": { "type": "Point", "coordinates": [ 1015721.675295595312491, 240423.197747787839035 ] } },
{ "type": "Feature", "properties": { "cartodb_id": 128, "layer": "Subway", "path": "/Users/stephanepierre/Downloads/Subway|layername=Subway" }, "geometry": { "type": "Point", "coordinates": [ 1014543.578472683322616, 238389.792895575490547 ] } },
{ "type": "Feature", "properties": { "cartodb_id": 129, "layer": "Subway", "path": "/Users/stephanepierre/Downloads/Subway|layername=Subway" }, "geometry": { "type": "Point", "coordinates": [ 1012916.549649231485091, 236622.9696606718353 ] } },
{ "type": "Feature", "properties": { "cartodb_id": 130, "layer": "Subway", "path": "/Users/stephanepierre/Downloads/Subway|layername=Subway" }, "geometry": { "type": "Point", "coordinates": [ 1010797.034738733433187, 235168.311917682964122 ] } },
{ "type": "Feature", "properties": { "cartodb_id": 132, "layer": "Subway", "path": "/Users/stephanepierre/Downloads/Subway|layername=Subway" }, "geometry": { "type": "Point", "coordinates": [ 1008046.801275831065141, 232706.190962083084742 ] } },
{ "type": "Feature", "properties": { "cartodb_id": 133, "layer": "Subway", "path": "/Users/stephanepierre/Downloads/Subway|layername=Subway" }, "geometry": { "type": "Point", "coordinates": [ 1006607.032820449559949, 233505.626257979689399 ] } },
{ "type": "Feature", "properties": { "cartodb_id": 134, "layer": "Subway", "path": "/Users/stephanepierre/Downloads/Subway|layername=Subway" }, "geometry": { "type": "Point", "coordinates": [ 1004696.538497557165101, 234564.151392146915896 ] } },
{ "type": "Feature", "properties": { "cartodb_id": 135, "layer": "Subway", "path": "/Users/stephanepierre/Downloads/Subway|layername=Subway" }, "geometry": { "type": "Point", "coordinates": [ 1001526.913527190685272, 232252.526535126729868 ] } },
{ "type": "Feature", "properties": { "cartodb_id": 136, "layer": "Subway", "path": "/Users/stephanepierre/Downloads/Subway|layername=Subway" }, "geometry": { "type": "Point", "coordinates": [ 1000414.49138261040207, 230244.63936845693388 ] } },
{ "type": "Feature", "properties": { "cartodb_id": 137, "layer": "Subway", "path": "/Users/stephanepierre/Downloads/Subway|layername=Subway" }, "geometry": { "type": "Point", "coordinates": [ 999686.326816363725811, 228929.281860894145211 ] } },
{ "type": "Feature", "properties": { "cartodb_id": 138, "layer": "Subway", "path": "/Users/stephanepierre/Downloads/Subway|layername=Subway" }, "geometry": { "type": "Point", "coordinates": [ 998793.504195619840175, 227318.372776720905676 ] } },
{ "type": "Feature", "properties": { "cartodb_id": 139, "layer": "Subway", "path": "/Users/stephanepierre/Downloads/Subway|layername=Subway" }, "geometry": { "type": "Point", "coordinates": [ 997799.866305281058885, 225522.359678945940686 ] } },
{ "type": "Feature", "properties": { "cartodb_id": 140, "layer": "Subway", "path": "/Users/stephanepierre/Downloads/Subway|layername=Subway" }, "geometry": { "type": "Point", "coordinates": [ 996549.583911560825072, 223270.11179628080572 ] } },
{ "type": "Feature", "properties": { "cartodb_id": 141, "layer": "Subway", "path": "/Users/stephanepierre/Downloads/Subway|layername=Subway" }, "geometry": { "type": "Point", "coordinates": [ 995363.830185237457044, 221130.174734084168449 ] } },
{ "type": "Feature", "properties": { "cartodb_id": 142, "layer": "Subway", "path": "/Users/stephanepierre/Downloads/Subway|layername=Subway" }, "geometry": { "type": "Point", "coordinates": [ 994257.860888152499683, 219133.513235157646704 ] } },
{ "type": "Feature", "properties": { "cartodb_id": 143, "layer": "Subway", "path": "/Users/stephanepierre/Downloads/Subway|layername=Subway" }, "geometry": { "type": "Point", "coordinates": [ 993123.748420582618564, 217087.344392823782982 ] } },
{ "type": "Feature", "properties": { "cartodb_id": 144, "layer": "Subway", "path": "/Users/stephanepierre/Downloads/Subway|layername=Subway" }, "geometry": { "type": "Point", "coordinates": [ 992029.316060795681551, 215112.652169493521797 ] } },
{ "type": "Feature", "properties": { "cartodb_id": 145, "layer": "Subway", "path": "/Users/stephanepierre/Downloads/Subway|layername=Subway" }, "geometry": { "type": "Point", "coordinates": [ 990664.557179769384675, 213169.998806083691306 ] } },
{ "type": "Feature", "properties": { "cartodb_id": 146, "layer": "Subway", "path": "/Users/stephanepierre/Downloads/Subway|layername=Subway" }, "geometry": { "type": "Point", "coordinates": [ 989216.482727472204715, 211094.784161378222052 ] } },
{ "type": "Feature", "properties": { "cartodb_id": 147, "layer": "Subway", "path": "/Users/stephanepierre/Downloads/Subway|layername=Subway" }, "geometry": { "type": "Point", "coordinates": [ 988610.409277700004168, 209997.661254662525607 ] } },
{ "type": "Feature", "properties": { "cartodb_id": 148, "layer": "Subway", "path": "/Users/stephanepierre/Downloads/Subway|layername=Subway" }, "geometry": { "type": "Point", "coordinates": [ 987963.556165299145505, 208829.502771615952952 ] } },
{ "type": "Feature", "properties": { "cartodb_id": 149, "layer": "Subway", "path": "/Users/stephanepierre/Downloads/Subway|layername=Subway" }, "geometry": { "type": "Point", "coordinates": [ 987034.88490916590672, 206938.128223531268304 ] } },
{ "type": "Feature", "properties": { "cartodb_id": 150, "layer": "Subway", "path": "/Users/stephanepierre/Downloads/Subway|layername=Subway" }, "geometry": { "type": "Point", "coordinates": [ 986724.942917908425443, 205255.24454285055981 ] } },
{ "type": "Feature", "properties": { "cartodb_id": 151, "layer": "Subway", "path": "/Users/stephanepierre/Downloads/Subway|layername=Subway" }, "geometry": { "type": "Point", "coordinates": [ 985730.323233356699347, 203747.192532870540163 ] } },
{ "type": "Feature", "properties": { "cartodb_id": 153, "layer": "Subway", "path": "/Users/stephanepierre/Downloads/Subway|layername=Subway" }, "geometry": { "type": "Point", "coordinates": [ 984196.443555747624487, 201156.018856325215893 ] } },
{ "type": "Feature", "properties": { "cartodb_id": 154, "layer": "Subway", "path": "/Users/stephanepierre/Downloads/Subway|layername=Subway" }, "geometry": { "type": "Point", "coordinates": [ 983104.724224446807057, 199065.50950154880411 ] } },
{ "type": "Feature", "properties": { "cartodb_id": 155, "layer": "Subway", "path": "/Users/stephanepierre/Downloads/Subway|layername=Subway" }, "geometry": { "type": "Point", "coordinates": [ 1031337.284840866457671, 216065.427263735880842 ] } },
{ "type": "Feature", "properties": { "cartodb_id": 157, "layer": "Subway", "path": "/Users/stephanepierre/Downloads/Subway|layername=Subway" }, "geometry": { "type": "Point", "coordinates": [ 1024331.976031434023753, 213185.538894070981769 ] } },
{ "type": "Feature", "properties": { "cartodb_id": 158, "layer": "Subway", "path": "/Users/stephanepierre/Downloads/Subway|layername=Subway" }, "geometry": { "type": "Point", "coordinates": [ 1022292.173766189720482, 212502.773404643317917 ] } },
{ "type": "Feature", "properties": { "cartodb_id": 159, "layer": "Subway", "path": "/Users/stephanepierre/Downloads/Subway|layername=Subway" }, "geometry": { "type": "Point", "coordinates": [ 1020400.982491231989115, 212237.560298339492874 ] } },
{ "type": "Feature", "properties": { "cartodb_id": 160, "layer": "Subway", "path": "/Users/stephanepierre/Downloads/Subway|layername=Subway" }, "geometry": { "type": "Point", "coordinates": [ 1018437.99520216754172, 211966.199615135265049 ] } },
{ "type": "Feature", "properties": { "cartodb_id": 161, "layer": "Subway", "path": "/Users/stephanepierre/Downloads/Subway|layername=Subway" }, "geometry": { "type": "Point", "coordinates": [ 1016475.524243513238616, 211690.626447969290894 ] } },
{ "type": "Feature", "properties": { "cartodb_id": 162, "layer": "Subway", "path": "/Users/stephanepierre/Downloads/Subway|layername=Subway" }, "geometry": { "type": "Point", "coordinates": [ 1014343.183204118977301, 211392.411925772030372 ] } },
{ "type": "Feature", "properties": { "cartodb_id": 164, "layer": "Subway", "path": "/Users/stephanepierre/Downloads/Subway|layername=Subway" }, "geometry": { "type": "Point", "coordinates": [ 1011132.243934666505083, 210944.881228290556464 ] } },
{ "type": "Feature", "properties": { "cartodb_id": 165, "layer": "Subway", "path": "/Users/stephanepierre/Downloads/Subway|layername=Subway" }, "geometry": { "type": "Point", "coordinates": [ 1008482.403180781169794, 210402.510484673897736 ] } },
{ "type": "Feature", "properties": { "cartodb_id": 166, "layer": "Subway", "path": "/Users/stephanepierre/Downloads/Subway|layername=Subway" }, "geometry": { "type": "Point", "coordinates": [ 1006851.751773222233169, 210030.408634630555753 ] } },
{ "type": "Feature", "properties": { "cartodb_id": 167, "layer": "Subway", "path": "/Users/stephanepierre/Downloads/Subway|layername=Subway" }, "geometry": { "type": "Point", "coordinates": [ 1005305.040508175268769, 210265.467191150091821 ] } },
{ "type": "Feature", "properties": { "cartodb_id": 380, "layer": "Subway", "path": "/Users/stephanepierre/Downloads/Subway|layername=Subway" }, "geometry": { "type": "Point", "coordinates": [ 988096.149682828574441, 206273.733139565651072 ] } },
{ "type": "Feature", "properties": { "cartodb_id": 168, "layer": "Subway", "path": "/Users/stephanepierre/Downloads/Subway|layername=Subway" }, "geometry": { "type": "Point", "coordinates": [ 1003370.378960890229791, 210557.51525325718103 ] } },
{ "type": "Feature", "properties": { "cartodb_id": 169, "layer": "Subway", "path": "/Users/stephanepierre/Downloads/Subway|layername=Subway" }, "geometry": { "type": "Point", "coordinates": [ 1000818.217093817307614, 212739.809292797319358 ] } },
{ "type": "Feature", "properties": { "cartodb_id": 170, "layer": "Subway", "path": "/Users/stephanepierre/Downloads/Subway|layername=Subway" }, "geometry": { "type": "Point", "coordinates": [ 999416.495599415153265, 211442.23110207420541 ] } },
{ "type": "Feature", "properties": { "cartodb_id": 171, "layer": "Subway", "path": "/Users/stephanepierre/Downloads/Subway|layername=Subway" }, "geometry": { "type": "Point", "coordinates": [ 998405.602260775165632, 209690.272158031119034 ] } },
{ "type": "Feature", "properties": { "cartodb_id": 172, "layer": "Subway", "path": "/Users/stephanepierre/Downloads/Subway|layername=Subway" }, "geometry": { "type": "Point", "coordinates": [ 997112.824314579134807, 209838.927021265379153 ] } },
{ "type": "Feature", "properties": { "cartodb_id": 173, "layer": "Subway", "path": "/Users/stephanepierre/Downloads/Subway|layername=Subway" }, "geometry": { "type": "Point", "coordinates": [ 990888.183898075018078, 213044.36488881407422 ] } },
{ "type": "Feature", "properties": { "cartodb_id": 174, "layer": "Subway", "path": "/Users/stephanepierre/Downloads/Subway|layername=Subway" }, "geometry": { "type": "Point", "coordinates": [ 989247.21069248742424, 213914.721598608099157 ] } },
{ "type": "Feature", "properties": { "cartodb_id": 175, "layer": "Subway", "path": "/Users/stephanepierre/Downloads/Subway|layername=Subway" }, "geometry": { "type": "Point", "coordinates": [ 987660.140060157864355, 214517.777600260043982 ] } },
{ "type": "Feature", "properties": { "cartodb_id": 176, "layer": "Subway", "path": "/Users/stephanepierre/Downloads/Subway|layername=Subway" }, "geometry": { "type": "Point", "coordinates": [ 983720.760046056238934, 214665.090857468196191 ] } },
{ "type": "Feature", "properties": { "cartodb_id": 177, "layer": "Subway", "path": "/Users/stephanepierre/Downloads/Subway|layername=Subway" }, "geometry": { "type": "Point", "coordinates": [ 990015.859499999787658, 213531.616315717168618 ] } },
{ "type": "Feature", "properties": { "cartodb_id": 222, "layer": "Subway", "path": "/Users/stephanepierre/Downloads/Subway|layername=Subway" }, "geometry": { "type": "Point", "coordinates": [ 1017328.588158079772256, 184902.876967235148186 ] } },
{ "type": "Feature", "properties": { "cartodb_id": 179, "layer": "Subway", "path": "/Users/stephanepierre/Downloads/Subway|layername=Subway" }, "geometry": { "type": "Point", "coordinates": [ 1006404.435676910798065, 255549.996865358640207 ] } },
{ "type": "Feature", "properties": { "cartodb_id": 180, "layer": "Subway", "path": "/Users/stephanepierre/Downloads/Subway|layername=Subway" }, "geometry": { "type": "Point", "coordinates": [ 1004366.252999216667376, 254607.856930760550313 ] } },
{ "type": "Feature", "properties": { "cartodb_id": 181, "layer": "Subway", "path": "/Users/stephanepierre/Downloads/Subway|layername=Subway" }, "geometry": { "type": "Point", "coordinates": [ 1002457.044026832329109, 252249.439429619262228 ] } },
{ "type": "Feature", "properties": { "cartodb_id": 182, "layer": "Subway", "path": "/Users/stephanepierre/Downloads/Subway|layername=Subway" }, "geometry": { "type": "Point", "coordinates": [ 1001410.822359899058938, 249579.171365640126169 ] } },
{ "type": "Feature", "properties": { "cartodb_id": 183, "layer": "Subway", "path": "/Users/stephanepierre/Downloads/Subway|layername=Subway" }, "geometry": { "type": "Point", "coordinates": [ 1000931.913718057563528, 248010.728132338233991 ] } },
{ "type": "Feature", "properties": { "cartodb_id": 184, "layer": "Subway", "path": "/Users/stephanepierre/Downloads/Subway|layername=Subway" }, "geometry": { "type": "Point", "coordinates": [ 1000973.154941311222501, 245579.900260296941269 ] } },
{ "type": "Feature", "properties": { "cartodb_id": 185, "layer": "Subway", "path": "/Users/stephanepierre/Downloads/Subway|layername=Subway" }, "geometry": { "type": "Point", "coordinates": [ 1000882.745403324603103, 243865.269691757450346 ] } },
{ "type": "Feature", "properties": { "cartodb_id": 186, "layer": "Subway", "path": "/Users/stephanepierre/Downloads/Subway|layername=Subway" }, "geometry": { "type": "Point", "coordinates": [ 1000435.249801743542776, 241862.937887060194043 ] } },
{ "type": "Feature", "properties": { "cartodb_id": 187, "layer": "Subway", "path": "/Users/stephanepierre/Downloads/Subway|layername=Subway" }, "geometry": { "type": "Point", "coordinates": [ 999688.833523473585956, 239772.982920015318086 ] } },
{ "type": "Feature", "properties": { "cartodb_id": 188, "layer": "Subway", "path": "/Users/stephanepierre/Downloads/Subway|layername=Subway" }, "geometry": { "type": "Point", "coordinates": [ 998740.208941366407089, 237262.487957940931665 ] } },
{ "type": "Feature", "properties": { "cartodb_id": 189, "layer": "Subway", "path": "/Users/stephanepierre/Downloads/Subway|layername=Subway" }, "geometry": { "type": "Point", "coordinates": [ 997442.297365893959068, 234789.730801750498358 ] } },
{ "type": "Feature", "properties": { "cartodb_id": 190, "layer": "Subway", "path": "/Users/stephanepierre/Downloads/Subway|layername=Subway" }, "geometry": { "type": "Point", "coordinates": [ 996740.58413653599564, 232594.605447454348905 ] } },
{ "type": "Feature", "properties": { "cartodb_id": 191, "layer": "Subway", "path": "/Users/stephanepierre/Downloads/Subway|layername=Subway" }, "geometry": { "type": "Point", "coordinates": [ 995833.591911979950964, 230961.20677359245019 ] } },
{ "type": "Feature", "properties": { "cartodb_id": 192, "layer": "Subway", "path": "/Users/stephanepierre/Downloads/Subway|layername=Subway" }, "geometry": { "type": "Point", "coordinates": [ 994922.605693690362386, 229317.275832085550064 ] } },
{ "type": "Feature", "properties": { "cartodb_id": 193, "layer": "Subway", "path": "/Users/stephanepierre/Downloads/Subway|layername=Subway" }, "geometry": { "type": "Point", "coordinates": [ 994025.608822228154168, 227695.610389443841996 ] } },
{ "type": "Feature", "properties": { "cartodb_id": 194, "layer": "Subway", "path": "/Users/stephanepierre/Downloads/Subway|layername=Subway" }, "geometry": { "type": "Point", "coordinates": [ 992857.836592088919133, 225591.503792631294345 ] } },
{ "type": "Feature", "properties": { "cartodb_id": 195, "layer": "Subway", "path": "/Users/stephanepierre/Downloads/Subway|layername=Subway" }, "geometry": { "type": "Point", "coordinates": [ 991964.716045129578561, 223975.383714841533219 ] } },
{ "type": "Feature", "properties": { "cartodb_id": 196, "layer": "Subway", "path": "/Users/stephanepierre/Downloads/Subway|layername=Subway" }, "geometry": { "type": "Point", "coordinates": [ 990783.574596345191821, 221847.694614301784895 ] } },
{ "type": "Feature", "properties": { "cartodb_id": 197, "layer": "Subway", "path": "/Users/stephanepierre/Downloads/Subway|layername=Subway" }, "geometry": { "type": "Point", "coordinates": [ 989309.002905613975599, 219188.440558811678784 ] } },
{ "type": "Feature", "properties": { "cartodb_id": 198, "layer": "Subway", "path": "/Users/stephanepierre/Downloads/Subway|layername=Subway" }, "geometry": { "type": "Point", "coordinates": [ 988132.658648194279522, 217060.521654622221831 ] } },
{ "type": "Feature", "properties": { "cartodb_id": 199, "layer": "Subway", "path": "/Users/stephanepierre/Downloads/Subway|layername=Subway" }, "geometry": { "type": "Point", "coordinates": [ 987093.770247932290658, 215184.795232148171635 ] } },
{ "type": "Feature", "properties": { "cartodb_id": 200, "layer": "Subway", "path": "/Users/stephanepierre/Downloads/Subway|layername=Subway" }, "geometry": { "type": "Point", "coordinates": [ 986081.038804091513157, 213355.386867472494487 ] } },
{ "type": "Feature", "properties": { "cartodb_id": 201, "layer": "Subway", "path": "/Users/stephanepierre/Downloads/Subway|layername=Subway" }, "geometry": { "type": "Point", "coordinates": [ 984792.746040235622786, 211030.517274489247939 ] } },
{ "type": "Feature", "properties": { "cartodb_id": 202, "layer": "Subway", "path": "/Users/stephanepierre/Downloads/Subway|layername=Subway" }, "geometry": { "type": "Point", "coordinates": [ 983781.611475126468576, 209204.113696160988184 ] } },
{ "type": "Feature", "properties": { "cartodb_id": 203, "layer": "Subway", "path": "/Users/stephanepierre/Downloads/Subway|layername=Subway" }, "geometry": { "type": "Point", "coordinates": [ 984112.747186500462703, 206087.248455075139645 ] } },
{ "type": "Feature", "properties": { "cartodb_id": 204, "layer": "Subway", "path": "/Users/stephanepierre/Downloads/Subway|layername=Subway" }, "geometry": { "type": "Point", "coordinates": [ 983213.592864556820132, 203860.834730532369576 ] } },
{ "type": "Feature", "properties": { "cartodb_id": 205, "layer": "Subway", "path": "/Users/stephanepierre/Downloads/Subway|layername=Subway" }, "geometry": { "type": "Point", "coordinates": [ 982800.492832490708679, 201892.370879970112583 ] } },
{ "type": "Feature", "properties": { "cartodb_id": 206, "layer": "Subway", "path": "/Users/stephanepierre/Downloads/Subway|layername=Subway" }, "geometry": { "type": "Point", "coordinates": [ 981869.993371360003948, 199446.685222461732337 ] } },
{ "type": "Feature", "properties": { "cartodb_id": 207, "layer": "Subway", "path": "/Users/stephanepierre/Downloads/Subway|layername=Subway" }, "geometry": { "type": "Point", "coordinates": [ 982117.707601009053178, 198020.671509996347595 ] } },
{ "type": "Feature", "properties": { "cartodb_id": 208, "layer": "Subway", "path": "/Users/stephanepierre/Downloads/Subway|layername=Subway" }, "geometry": { "type": "Point", "coordinates": [ 986875.559734982554801, 194064.100576119264588 ] } },
{ "type": "Feature", "properties": { "cartodb_id": 209, "layer": "Subway", "path": "/Users/stephanepierre/Downloads/Subway|layername=Subway" }, "geometry": { "type": "Point", "coordinates": [ 987760.191662519937381, 191514.266574636189034 ] } },
{ "type": "Feature", "properties": { "cartodb_id": 234, "layer": "Subway", "path": "/Users/stephanepierre/Downloads/Subway|layername=Subway" }, "geometry": { "type": "Point", "coordinates": [ 990496.619235952966847, 217613.34618783055339 ] } },
{ "type": "Feature", "properties": { "cartodb_id": 210, "layer": "Subway", "path": "/Users/stephanepierre/Downloads/Subway|layername=Subway" }, "geometry": { "type": "Point", "coordinates": [ 988409.624713115044869, 190110.242571601003874 ] } },
{ "type": "Feature", "properties": { "cartodb_id": 211, "layer": "Subway", "path": "/Users/stephanepierre/Downloads/Subway|layername=Subway" }, "geometry": { "type": "Point", "coordinates": [ 991475.757507376139984, 189247.141163299500477 ] } },
{ "type": "Feature", "properties": { "cartodb_id": 212, "layer": "Subway", "path": "/Users/stephanepierre/Downloads/Subway|layername=Subway" }, "geometry": { "type": "Point", "coordinates": [ 993724.829228891641833, 188209.579081365372986 ] } },
{ "type": "Feature", "properties": { "cartodb_id": 213, "layer": "Subway", "path": "/Users/stephanepierre/Downloads/Subway|layername=Subway" }, "geometry": { "type": "Point", "coordinates": [ 996218.55281690263655, 187524.652061818225775 ] } },
{ "type": "Feature", "properties": { "cartodb_id": 214, "layer": "Subway", "path": "/Users/stephanepierre/Downloads/Subway|layername=Subway" }, "geometry": { "type": "Point", "coordinates": [ 997999.94521951850038, 187182.400173242465826 ] } },
{ "type": "Feature", "properties": { "cartodb_id": 215, "layer": "Subway", "path": "/Users/stephanepierre/Downloads/Subway|layername=Subway" }, "geometry": { "type": "Point", "coordinates": [ 1000653.87814991956111, 186995.694217323529301 ] } },
{ "type": "Feature", "properties": { "cartodb_id": 216, "layer": "Subway", "path": "/Users/stephanepierre/Downloads/Subway|layername=Subway" }, "geometry": { "type": "Point", "coordinates": [ 1003463.46637581998948, 186794.827901245909743 ] } },
{ "type": "Feature", "properties": { "cartodb_id": 217, "layer": "Subway", "path": "/Users/stephanepierre/Downloads/Subway|layername=Subway" }, "geometry": { "type": "Point", "coordinates": [ 1006221.505606455611996, 186599.704646868718555 ] } },
{ "type": "Feature", "properties": { "cartodb_id": 218, "layer": "Subway", "path": "/Users/stephanepierre/Downloads/Subway|layername=Subway" }, "geometry": { "type": "Point", "coordinates": [ 1008673.626597672700882, 186426.444157063466264 ] } },
{ "type": "Feature", "properties": { "cartodb_id": 219, "layer": "Subway", "path": "/Users/stephanepierre/Downloads/Subway|layername=Subway" }, "geometry": { "type": "Point", "coordinates": [ 1010512.600259989965707, 186426.180188639904372 ] } },
{ "type": "Feature", "properties": { "cartodb_id": 220, "layer": "Subway", "path": "/Users/stephanepierre/Downloads/Subway|layername=Subway" }, "geometry": { "type": "Point", "coordinates": [ 1012946.224579629255459, 185047.400582618720364 ] } },
{ "type": "Feature", "properties": { "cartodb_id": 221, "layer": "Subway", "path": "/Users/stephanepierre/Downloads/Subway|layername=Subway" }, "geometry": { "type": "Point", "coordinates": [ 1014664.086171563714743, 184382.042486011632718 ] } },
{ "type": "Feature", "properties": { "cartodb_id": 223, "layer": "Subway", "path": "/Users/stephanepierre/Downloads/Subway|layername=Subway" }, "geometry": { "type": "Point", "coordinates": [ 1019725.671494166716002, 185360.58233836828731 ] } },
{ "type": "Feature", "properties": { "cartodb_id": 224, "layer": "Subway", "path": "/Users/stephanepierre/Downloads/Subway|layername=Subway" }, "geometry": { "type": "Point", "coordinates": [ 1021681.952398233115673, 185970.858722434786614 ] } },
{ "type": "Feature", "properties": { "cartodb_id": 225, "layer": "Subway", "path": "/Users/stephanepierre/Downloads/Subway|layername=Subway" }, "geometry": { "type": "Point", "coordinates": [ 1023360.933192368131131, 186821.301858267921489 ] } },
{ "type": "Feature", "properties": { "cartodb_id": 226, "layer": "Subway", "path": "/Users/stephanepierre/Downloads/Subway|layername=Subway" }, "geometry": { "type": "Point", "coordinates": [ 1025446.993915566708893, 186996.717382287140936 ] } },
{ "type": "Feature", "properties": { "cartodb_id": 227, "layer": "Subway", "path": "/Users/stephanepierre/Downloads/Subway|layername=Subway" }, "geometry": { "type": "Point", "coordinates": [ 1027559.300198496785015, 187213.892475151485996 ] } },
{ "type": "Feature", "properties": { "cartodb_id": 228, "layer": "Subway", "path": "/Users/stephanepierre/Downloads/Subway|layername=Subway" }, "geometry": { "type": "Point", "coordinates": [ 1029269.759323164820671, 187684.076077589706983 ] } },
{ "type": "Feature", "properties": { "cartodb_id": 229, "layer": "Subway", "path": "/Users/stephanepierre/Downloads/Subway|layername=Subway" }, "geometry": { "type": "Point", "coordinates": [ 1030798.939514347352087, 188641.505396339751314 ] } },
{ "type": "Feature", "properties": { "cartodb_id": 230, "layer": "Subway", "path": "/Users/stephanepierre/Downloads/Subway|layername=Subway" }, "geometry": { "type": "Point", "coordinates": [ 1032563.072237974614836, 189235.167881949804723 ] } },
{ "type": "Feature", "properties": { "cartodb_id": 231, "layer": "Subway", "path": "/Users/stephanepierre/Downloads/Subway|layername=Subway" }, "geometry": { "type": "Point", "coordinates": [ 1000087.550934056169353, 214058.565489494416397 ] } },
{ "type": "Feature", "properties": { "cartodb_id": 232, "layer": "Subway", "path": "/Users/stephanepierre/Downloads/Subway|layername=Subway" }, "geometry": { "type": "Point", "coordinates": [ 997198.558745796442963, 215857.37600225789356 ] } },
{ "type": "Feature", "properties": { "cartodb_id": 233, "layer": "Subway", "path": "/Users/stephanepierre/Downloads/Subway|layername=Subway" }, "geometry": { "type": "Point", "coordinates": [ 993637.04952374403365, 217853.728930822719121 ] } },
{ "type": "Feature", "properties": { "cartodb_id": 236, "layer": "Subway", "path": "/Users/stephanepierre/Downloads/Subway|layername=Subway" }, "geometry": { "type": "Point", "coordinates": [ 985830.789012420922518, 172778.807547333242837 ] } },
{ "type": "Feature", "properties": { "cartodb_id": 238, "layer": "Subway", "path": "/Users/stephanepierre/Downloads/Subway|layername=Subway" }, "geometry": { "type": "Point", "coordinates": [ 985505.711966420640238, 169325.325497868092498 ] } },
{ "type": "Feature", "properties": { "cartodb_id": 239, "layer": "Subway", "path": "/Users/stephanepierre/Downloads/Subway|layername=Subway" }, "geometry": { "type": "Point", "coordinates": [ 985111.912632558494806, 167517.150364882749273 ] } },
{ "type": "Feature", "properties": { "cartodb_id": 240, "layer": "Subway", "path": "/Users/stephanepierre/Downloads/Subway|layername=Subway" }, "geometry": { "type": "Point", "coordinates": [ 984565.380884178564884, 165009.471632010507165 ] } },
{ "type": "Feature", "properties": { "cartodb_id": 241, "layer": "Subway", "path": "/Users/stephanepierre/Downloads/Subway|layername=Subway" }, "geometry": { "type": "Point", "coordinates": [ 984080.652931632008404, 162791.446633636049228 ] } },
{ "type": "Feature", "properties": { "cartodb_id": 242, "layer": "Subway", "path": "/Users/stephanepierre/Downloads/Subway|layername=Subway" }, "geometry": { "type": "Point", "coordinates": [ 983767.993504512007348, 160770.530061289842706 ] } },
{ "type": "Feature", "properties": { "cartodb_id": 243, "layer": "Subway", "path": "/Users/stephanepierre/Downloads/Subway|layername=Subway" }, "geometry": { "type": "Point", "coordinates": [ 984758.725842409417965, 159532.550846107274992 ] } },
{ "type": "Feature", "properties": { "cartodb_id": 244, "layer": "Subway", "path": "/Users/stephanepierre/Downloads/Subway|layername=Subway" }, "geometry": { "type": "Point", "coordinates": [ 985991.688381758867763, 158555.852049976703711 ] } },
{ "type": "Feature", "properties": { "cartodb_id": 245, "layer": "Subway", "path": "/Users/stephanepierre/Downloads/Subway|layername=Subway" }, "geometry": { "type": "Point", "coordinates": [ 987907.697764628683217, 157036.464942795690149 ] } },
{ "type": "Feature", "properties": { "cartodb_id": 246, "layer": "Subway", "path": "/Users/stephanepierre/Downloads/Subway|layername=Subway" }, "geometry": { "type": "Point", "coordinates": [ 988759.19485907885246, 153807.588221731508384 ] } },
{ "type": "Feature", "properties": { "cartodb_id": 248, "layer": "Subway", "path": "/Users/stephanepierre/Downloads/Subway|layername=Subway" }, "geometry": { "type": "Point", "coordinates": [ 1015463.11299973144196, 257444.353934473620029 ] } },
{ "type": "Feature", "properties": { "cartodb_id": 249, "layer": "Subway", "path": "/Users/stephanepierre/Downloads/Subway|layername=Subway" }, "geometry": { "type": "Point", "coordinates": [ 1013703.922018286655657, 255159.199922295665601 ] } },
{ "type": "Feature", "properties": { "cartodb_id": 250, "layer": "Subway", "path": "/Users/stephanepierre/Downloads/Subway|layername=Subway" }, "geometry": { "type": "Point", "coordinates": [ 1012533.611922128475271, 253087.631719113560393 ] } },
{ "type": "Feature", "properties": { "cartodb_id": 251, "layer": "Subway", "path": "/Users/stephanepierre/Downloads/Subway|layername=Subway" }, "geometry": { "type": "Point", "coordinates": [ 1011708.142613807693124, 251191.029291810526047 ] } },
{ "type": "Feature", "properties": { "cartodb_id": 252, "layer": "Subway", "path": "/Users/stephanepierre/Downloads/Subway|layername=Subway" }, "geometry": { "type": "Point", "coordinates": [ 1010469.412552112247795, 249119.123407540668268 ] } },
{ "type": "Feature", "properties": { "cartodb_id": 254, "layer": "Subway", "path": "/Users/stephanepierre/Downloads/Subway|layername=Subway" }, "geometry": { "type": "Point", "coordinates": [ 1008212.307046023779549, 245071.18212229150231 ] } },
{ "type": "Feature", "properties": { "cartodb_id": 255, "layer": "Subway", "path": "/Users/stephanepierre/Downloads/Subway|layername=Subway" }, "geometry": { "type": "Point", "coordinates": [ 1006819.608060334576294, 243053.239405959728174 ] } },
{ "type": "Feature", "properties": { "cartodb_id": 256, "layer": "Subway", "path": "/Users/stephanepierre/Downloads/Subway|layername=Subway" }, "geometry": { "type": "Point", "coordinates": [ 1004825.959593396051787, 240914.265014344535302 ] } },
{ "type": "Feature", "properties": { "cartodb_id": 257, "layer": "Subway", "path": "/Users/stephanepierre/Downloads/Subway|layername=Subway" }, "geometry": { "type": "Point", "coordinates": [ 1001349.96878440445289, 241724.026854969270062 ] } },
{ "type": "Feature", "properties": { "cartodb_id": 258, "layer": "Subway", "path": "/Users/stephanepierre/Downloads/Subway|layername=Subway" }, "geometry": { "type": "Point", "coordinates": [ 989336.840775597491302, 217208.664879480580566 ] } },
{ "type": "Feature", "properties": { "cartodb_id": 259, "layer": "Subway", "path": "/Users/stephanepierre/Downloads/Subway|layername=Subway" }, "geometry": { "type": "Point", "coordinates": [ 989422.489088992588222, 215678.853007600759156 ] } },
{ "type": "Feature", "properties": { "cartodb_id": 281, "layer": "Subway", "path": "/Users/stephanepierre/Downloads/Subway|layername=Subway" }, "geometry": { "type": "Point", "coordinates": [ 994979.40163323120214, 149721.819681256689364 ] } },
{ "type": "Feature", "properties": { "cartodb_id": 260, "layer": "Subway", "path": "/Users/stephanepierre/Downloads/Subway|layername=Subway" }, "geometry": { "type": "Point", "coordinates": [ 988525.172892395756207, 214060.679587524296949 ] } },
{ "type": "Feature", "properties": { "cartodb_id": 261, "layer": "Subway", "path": "/Users/stephanepierre/Downloads/Subway|layername=Subway" }, "geometry": { "type": "Point", "coordinates": [ 987623.861239651800133, 212419.95091930203489 ] } },
{ "type": "Feature", "properties": { "cartodb_id": 262, "layer": "Subway", "path": "/Users/stephanepierre/Downloads/Subway|layername=Subway" }, "geometry": { "type": "Point", "coordinates": [ 986239.250837625935674, 209927.395656985929236 ] } },
{ "type": "Feature", "properties": { "cartodb_id": 263, "layer": "Subway", "path": "/Users/stephanepierre/Downloads/Subway|layername=Subway" }, "geometry": { "type": "Point", "coordinates": [ 985300.501930579775944, 208233.189559953752905 ] } },
{ "type": "Feature", "properties": { "cartodb_id": 264, "layer": "Subway", "path": "/Users/stephanepierre/Downloads/Subway|layername=Subway" }, "geometry": { "type": "Point", "coordinates": [ 985302.100168721750379, 203522.012496021081461 ] } },
{ "type": "Feature", "properties": { "cartodb_id": 265, "layer": "Subway", "path": "/Users/stephanepierre/Downloads/Subway|layername=Subway" }, "geometry": { "type": "Point", "coordinates": [ 985981.646209475351498, 200960.802138561470201 ] } },
{ "type": "Feature", "properties": { "cartodb_id": 266, "layer": "Subway", "path": "/Users/stephanepierre/Downloads/Subway|layername=Subway" }, "geometry": { "type": "Point", "coordinates": [ 990659.431209001457319, 188644.673347104602726 ] } },
{ "type": "Feature", "properties": { "cartodb_id": 267, "layer": "Subway", "path": "/Users/stephanepierre/Downloads/Subway|layername=Subway" }, "geometry": { "type": "Point", "coordinates": [ 991914.72301314631477, 185945.357596190122422 ] } },
{ "type": "Feature", "properties": { "cartodb_id": 268, "layer": "Subway", "path": "/Users/stephanepierre/Downloads/Subway|layername=Subway" }, "geometry": { "type": "Point", "coordinates": [ 994724.485834385151975, 180322.629381725302665 ] } },
{ "type": "Feature", "properties": { "cartodb_id": 269, "layer": "Subway", "path": "/Users/stephanepierre/Downloads/Subway|layername=Subway" }, "geometry": { "type": "Point", "coordinates": [ 994933.860116878640838, 178019.435798569902545 ] } },
{ "type": "Feature", "properties": { "cartodb_id": 270, "layer": "Subway", "path": "/Users/stephanepierre/Downloads/Subway|layername=Subway" }, "geometry": { "type": "Point", "coordinates": [ 994522.002874541794881, 176283.232786847802345 ] } },
{ "type": "Feature", "properties": { "cartodb_id": 271, "layer": "Subway", "path": "/Users/stephanepierre/Downloads/Subway|layername=Subway" }, "geometry": { "type": "Point", "coordinates": [ 994103.960728055448271, 173916.38337871155818 ] } },
{ "type": "Feature", "properties": { "cartodb_id": 272, "layer": "Subway", "path": "/Users/stephanepierre/Downloads/Subway|layername=Subway" }, "geometry": { "type": "Point", "coordinates": [ 994271.21464375348296, 172785.578324842674192 ] } },
{ "type": "Feature", "properties": { "cartodb_id": 273, "layer": "Subway", "path": "/Users/stephanepierre/Downloads/Subway|layername=Subway" }, "geometry": { "type": "Point", "coordinates": [ 994576.847135571180843, 170656.211403012974188 ] } },
{ "type": "Feature", "properties": { "cartodb_id": 274, "layer": "Subway", "path": "/Users/stephanepierre/Downloads/Subway|layername=Subway" }, "geometry": { "type": "Point", "coordinates": [ 994898.071928408113308, 168538.879349761817139 ] } },
{ "type": "Feature", "properties": { "cartodb_id": 275, "layer": "Subway", "path": "/Users/stephanepierre/Downloads/Subway|layername=Subway" }, "geometry": { "type": "Point", "coordinates": [ 995130.81716741528362, 166997.514168258814607 ] } },
{ "type": "Feature", "properties": { "cartodb_id": 276, "layer": "Subway", "path": "/Users/stephanepierre/Downloads/Subway|layername=Subway" }, "geometry": { "type": "Point", "coordinates": [ 995521.815136624034494, 164294.022039569186745 ] } },
{ "type": "Feature", "properties": { "cartodb_id": 277, "layer": "Subway", "path": "/Users/stephanepierre/Downloads/Subway|layername=Subway" }, "geometry": { "type": "Point", "coordinates": [ 995985.636908578453586, 161034.246741052047582 ] } },
{ "type": "Feature", "properties": { "cartodb_id": 278, "layer": "Subway", "path": "/Users/stephanepierre/Downloads/Subway|layername=Subway" }, "geometry": { "type": "Point", "coordinates": [ 996488.537886152858846, 157620.757286645995919 ] } },
{ "type": "Feature", "properties": { "cartodb_id": 279, "layer": "Subway", "path": "/Users/stephanepierre/Downloads/Subway|layername=Subway" }, "geometry": { "type": "Point", "coordinates": [ 996702.569804938975722, 156143.88812722012517 ] } },
{ "type": "Feature", "properties": { "cartodb_id": 280, "layer": "Subway", "path": "/Users/stephanepierre/Downloads/Subway|layername=Subway" }, "geometry": { "type": "Point", "coordinates": [ 996983.549820750020444, 153101.912488130154088 ] } },
{ "type": "Feature", "properties": { "cartodb_id": 282, "layer": "Subway", "path": "/Users/stephanepierre/Downloads/Subway|layername=Subway" }, "geometry": { "type": "Point", "coordinates": [ 993000.319662716123275, 149244.119543342356337 ] } },
{ "type": "Feature", "properties": { "cartodb_id": 283, "layer": "Subway", "path": "/Users/stephanepierre/Downloads/Subway|layername=Subway" }, "geometry": { "type": "Point", "coordinates": [ 990934.095211500418372, 149176.057872640376445 ] } },
{ "type": "Feature", "properties": { "cartodb_id": 284, "layer": "Subway", "path": "/Users/stephanepierre/Downloads/Subway|layername=Subway" }, "geometry": { "type": "Point", "coordinates": [ 989463.339731922373176, 149647.495469676679932 ] } },
{ "type": "Feature", "properties": { "cartodb_id": 285, "layer": "Subway", "path": "/Users/stephanepierre/Downloads/Subway|layername=Subway" }, "geometry": { "type": "Point", "coordinates": [ 981538.374366790871136, 198889.656679985666415 ] } },
{ "type": "Feature", "properties": { "cartodb_id": 286, "layer": "Subway", "path": "/Users/stephanepierre/Downloads/Subway|layername=Subway" }, "geometry": { "type": "Point", "coordinates": [ 1044182.034252232057042, 198986.892866687936476 ] } },
{ "type": "Feature", "properties": { "cartodb_id": 287, "layer": "Subway", "path": "/Users/stephanepierre/Downloads/Subway|layername=Subway" }, "geometry": { "type": "Point", "coordinates": [ 1041470.672690790845081, 198187.562530046910979 ] } },
{ "type": "Feature", "properties": { "cartodb_id": 288, "layer": "Subway", "path": "/Users/stephanepierre/Downloads/Subway|layername=Subway" }, "geometry": { "type": "Point", "coordinates": [ 1038777.751687379553914, 197122.615044168545865 ] } },
{ "type": "Feature", "properties": { "cartodb_id": 289, "layer": "Subway", "path": "/Users/stephanepierre/Downloads/Subway|layername=Subway" }, "geometry": { "type": "Point", "coordinates": [ 1036732.754999265423976, 196351.553161617717706 ] } },
{ "type": "Feature", "properties": { "cartodb_id": 290, "layer": "Subway", "path": "/Users/stephanepierre/Downloads/Subway|layername=Subway" }, "geometry": { "type": "Point", "coordinates": [ 1033994.550786510691978, 197700.732858355884673 ] } },
{ "type": "Feature", "properties": { "cartodb_id": 291, "layer": "Subway", "path": "/Users/stephanepierre/Downloads/Subway|layername=Subway" }, "geometry": { "type": "Point", "coordinates": [ 1031098.100925183156505, 199612.078751397464657 ] } },
{ "type": "Feature", "properties": { "cartodb_id": 293, "layer": "Subway", "path": "/Users/stephanepierre/Downloads/Subway|layername=Subway" }, "geometry": { "type": "Point", "coordinates": [ 999212.375146486563608, 211741.949963480990846 ] } },
{ "type": "Feature", "properties": { "cartodb_id": 294, "layer": "Subway", "path": "/Users/stephanepierre/Downloads/Subway|layername=Subway" }, "geometry": { "type": "Point", "coordinates": [ 992822.989544055773877, 215275.048430705617648 ] } },
{ "type": "Feature", "properties": { "cartodb_id": 295, "layer": "Subway", "path": "/Users/stephanepierre/Downloads/Subway|layername=Subway" }, "geometry": { "type": "Point", "coordinates": [ 991113.647595124668442, 216227.230198053381173 ] } },
{ "type": "Feature", "properties": { "cartodb_id": 296, "layer": "Subway", "path": "/Users/stephanepierre/Downloads/Subway|layername=Subway" }, "geometry": { "type": "Point", "coordinates": [ 987038.966623053071089, 202831.744379234383814 ] } },
{ "type": "Feature", "properties": { "cartodb_id": 297, "layer": "Subway", "path": "/Users/stephanepierre/Downloads/Subway|layername=Subway" }, "geometry": { "type": "Point", "coordinates": [ 987544.79024856176693, 201086.296621606772533 ] } },
{ "type": "Feature", "properties": { "cartodb_id": 299, "layer": "Subway", "path": "/Users/stephanepierre/Downloads/Subway|layername=Subway" }, "geometry": { "type": "Point", "coordinates": [ 987923.578795710927807, 194814.759219655534253 ] } },
{ "type": "Feature", "properties": { "cartodb_id": 300, "layer": "Subway", "path": "/Users/stephanepierre/Downloads/Subway|layername=Subway" }, "geometry": { "type": "Point", "coordinates": [ 986784.28858929569833, 189257.847827964898897 ] } },
{ "type": "Feature", "properties": { "cartodb_id": 301, "layer": "Subway", "path": "/Users/stephanepierre/Downloads/Subway|layername=Subway" }, "geometry": { "type": "Point", "coordinates": [ 985623.471924534300342, 187129.33806146151619 ] } },
{ "type": "Feature", "properties": { "cartodb_id": 302, "layer": "Subway", "path": "/Users/stephanepierre/Downloads/Subway|layername=Subway" }, "geometry": { "type": "Point", "coordinates": [ 985370.91142535128165, 184679.937925573729444 ] } },
{ "type": "Feature", "properties": { "cartodb_id": 303, "layer": "Subway", "path": "/Users/stephanepierre/Downloads/Subway|layername=Subway" }, "geometry": { "type": "Point", "coordinates": [ 987085.331643943674862, 183474.880227965448285 ] } },
{ "type": "Feature", "properties": { "cartodb_id": 304, "layer": "Subway", "path": "/Users/stephanepierre/Downloads/Subway|layername=Subway" }, "geometry": { "type": "Point", "coordinates": [ 989713.796135098324157, 182017.654418860416627 ] } },
{ "type": "Feature", "properties": { "cartodb_id": 305, "layer": "Subway", "path": "/Users/stephanepierre/Downloads/Subway|layername=Subway" }, "geometry": { "type": "Point", "coordinates": [ 989939.569849959691055, 179865.980886565230321 ] } },
{ "type": "Feature", "properties": { "cartodb_id": 306, "layer": "Subway", "path": "/Users/stephanepierre/Downloads/Subway|layername=Subway" }, "geometry": { "type": "Point", "coordinates": [ 990971.80842085822951, 176374.887163202278316 ] } },
{ "type": "Feature", "properties": { "cartodb_id": 307, "layer": "Subway", "path": "/Users/stephanepierre/Downloads/Subway|layername=Subway" }, "geometry": { "type": "Point", "coordinates": [ 989889.632241659797728, 173918.67356121991179 ] } },
{ "type": "Feature", "properties": { "cartodb_id": 308, "layer": "Subway", "path": "/Users/stephanepierre/Downloads/Subway|layername=Subway" }, "geometry": { "type": "Point", "coordinates": [ 990308.29239957628306, 171032.570248504256597 ] } },
{ "type": "Feature", "properties": { "cartodb_id": 310, "layer": "Subway", "path": "/Users/stephanepierre/Downloads/Subway|layername=Subway" }, "geometry": { "type": "Point", "coordinates": [ 990876.954515270655975, 167099.076481775206048 ] } },
{ "type": "Feature", "properties": { "cartodb_id": 311, "layer": "Subway", "path": "/Users/stephanepierre/Downloads/Subway|layername=Subway" }, "geometry": { "type": "Point", "coordinates": [ 991116.987439698423259, 165440.362157026364002 ] } },
{ "type": "Feature", "properties": { "cartodb_id": 312, "layer": "Subway", "path": "/Users/stephanepierre/Downloads/Subway|layername=Subway" }, "geometry": { "type": "Point", "coordinates": [ 991413.805612528580241, 163389.652091311261756 ] } },
{ "type": "Feature", "properties": { "cartodb_id": 313, "layer": "Subway", "path": "/Users/stephanepierre/Downloads/Subway|layername=Subway" }, "geometry": { "type": "Point", "coordinates": [ 991740.724699063808657, 161132.382977385917911 ] } },
{ "type": "Feature", "properties": { "cartodb_id": 314, "layer": "Subway", "path": "/Users/stephanepierre/Downloads/Subway|layername=Subway" }, "geometry": { "type": "Point", "coordinates": [ 991924.919705678941682, 159045.942922292975709 ] } },
{ "type": "Feature", "properties": { "cartodb_id": 315, "layer": "Subway", "path": "/Users/stephanepierre/Downloads/Subway|layername=Subway" }, "geometry": { "type": "Point", "coordinates": [ 991649.143892176332884, 156439.466438685398316 ] } },
{ "type": "Feature", "properties": { "cartodb_id": 316, "layer": "Subway", "path": "/Users/stephanepierre/Downloads/Subway|layername=Subway" }, "geometry": { "type": "Point", "coordinates": [ 991401.839797802269459, 154092.039036906353431 ] } },
{ "type": "Feature", "properties": { "cartodb_id": 317, "layer": "Subway", "path": "/Users/stephanepierre/Downloads/Subway|layername=Subway" }, "geometry": { "type": "Point", "coordinates": [ 991312.767665661522187, 150955.532020853628637 ] } },
{ "type": "Feature", "properties": { "cartodb_id": 340, "layer": "Subway", "path": "/Users/stephanepierre/Downloads/Subway|layername=Subway" }, "geometry": { "type": "Point", "coordinates": [ 998049.060508175520226, 194446.803327495901613 ] } },
{ "type": "Feature", "properties": { "cartodb_id": 318, "layer": "Subway", "path": "/Users/stephanepierre/Downloads/Subway|layername=Subway" }, "geometry": { "type": "Point", "coordinates": [ 1039396.895655734348111, 195150.432333306584042 ] } },
{ "type": "Feature", "properties": { "cartodb_id": 319, "layer": "Subway", "path": "/Users/stephanepierre/Downloads/Subway|layername=Subway" }, "geometry": { "type": "Point", "coordinates": [ 1037496.138710196362808, 194541.033726952067809 ] } },
{ "type": "Feature", "properties": { "cartodb_id": 320, "layer": "Subway", "path": "/Users/stephanepierre/Downloads/Subway|layername=Subway" }, "geometry": { "type": "Point", "coordinates": [ 1035029.546208728919737, 195293.555254185630474 ] } },
{ "type": "Feature", "properties": { "cartodb_id": 321, "layer": "Subway", "path": "/Users/stephanepierre/Downloads/Subway|layername=Subway" }, "geometry": { "type": "Point", "coordinates": [ 1027347.324927703244612, 202246.529344526265049 ] } },
{ "type": "Feature", "properties": { "cartodb_id": 322, "layer": "Subway", "path": "/Users/stephanepierre/Downloads/Subway|layername=Subway" }, "geometry": { "type": "Point", "coordinates": [ 1025071.953400396392681, 204003.044613383943215 ] } },
{ "type": "Feature", "properties": { "cartodb_id": 323, "layer": "Subway", "path": "/Users/stephanepierre/Downloads/Subway|layername=Subway" }, "geometry": { "type": "Point", "coordinates": [ 1022607.377564522670582, 205209.696851073618745 ] } },
{ "type": "Feature", "properties": { "cartodb_id": 324, "layer": "Subway", "path": "/Users/stephanepierre/Downloads/Subway|layername=Subway" }, "geometry": { "type": "Point", "coordinates": [ 1020492.28146938898135, 206394.166436243773205 ] } },
{ "type": "Feature", "properties": { "cartodb_id": 325, "layer": "Subway", "path": "/Users/stephanepierre/Downloads/Subway|layername=Subway" }, "geometry": { "type": "Point", "coordinates": [ 1018274.799158923909999, 207815.128437655919697 ] } },
{ "type": "Feature", "properties": { "cartodb_id": 326, "layer": "Subway", "path": "/Users/stephanepierre/Downloads/Subway|layername=Subway" }, "geometry": { "type": "Point", "coordinates": [ 1016943.580027259071358, 209794.90122757042991 ] } },
{ "type": "Feature", "properties": { "cartodb_id": 327, "layer": "Subway", "path": "/Users/stephanepierre/Downloads/Subway|layername=Subway" }, "geometry": { "type": "Point", "coordinates": [ 1014358.792329335468821, 211318.107417335035279 ] } },
{ "type": "Feature", "properties": { "cartodb_id": 328, "layer": "Subway", "path": "/Users/stephanepierre/Downloads/Subway|layername=Subway" }, "geometry": { "type": "Point", "coordinates": [ 1012386.037640403723344, 212417.844357612833846 ] } },
{ "type": "Feature", "properties": { "cartodb_id": 354, "layer": "Subway", "path": "/Users/stephanepierre/Downloads/Subway|layername=Subway" }, "geometry": { "type": "Point", "coordinates": [ 1050521.444944144226611, 157987.176945335959317 ] } },
{ "type": "Feature", "properties": { "cartodb_id": 329, "layer": "Subway", "path": "/Users/stephanepierre/Downloads/Subway|layername=Subway" }, "geometry": { "type": "Point", "coordinates": [ 1010292.034815441351384, 213587.195669430773705 ] } },
{ "type": "Feature", "properties": { "cartodb_id": 330, "layer": "Subway", "path": "/Users/stephanepierre/Downloads/Subway|layername=Subway" }, "geometry": { "type": "Point", "coordinates": [ 1008260.77078463032376, 214833.663675380143104 ] } },
{ "type": "Feature", "properties": { "cartodb_id": 331, "layer": "Subway", "path": "/Users/stephanepierre/Downloads/Subway|layername=Subway" }, "geometry": { "type": "Point", "coordinates": [ 1006208.495962424902245, 215038.293158582935575 ] } },
{ "type": "Feature", "properties": { "cartodb_id": 332, "layer": "Subway", "path": "/Users/stephanepierre/Downloads/Subway|layername=Subway" }, "geometry": { "type": "Point", "coordinates": [ 1003982.21309834276326, 213273.01133146462962 ] } },
{ "type": "Feature", "properties": { "cartodb_id": 333, "layer": "Subway", "path": "/Users/stephanepierre/Downloads/Subway|layername=Subway" }, "geometry": { "type": "Point", "coordinates": [ 1001638.490736061823554, 212154.173471250978764 ] } },
{ "type": "Feature", "properties": { "cartodb_id": 334, "layer": "Subway", "path": "/Users/stephanepierre/Downloads/Subway|layername=Subway" }, "geometry": { "type": "Point", "coordinates": [ 999813.392293010489084, 211271.610897569946246 ] } },
{ "type": "Feature", "properties": { "cartodb_id": 336, "layer": "Subway", "path": "/Users/stephanepierre/Downloads/Subway|layername=Subway" }, "geometry": { "type": "Point", "coordinates": [ 996874.440326822339557, 205731.320124128920725 ] } },
{ "type": "Feature", "properties": { "cartodb_id": 337, "layer": "Subway", "path": "/Users/stephanepierre/Downloads/Subway|layername=Subway" }, "geometry": { "type": "Point", "coordinates": [ 997754.928182014264166, 203284.578945491783088 ] } },
{ "type": "Feature", "properties": { "cartodb_id": 338, "layer": "Subway", "path": "/Users/stephanepierre/Downloads/Subway|layername=Subway" }, "geometry": { "type": "Point", "coordinates": [ 997718.245681185857393, 198969.782887060602661 ] } },
{ "type": "Feature", "properties": { "cartodb_id": 339, "layer": "Subway", "path": "/Users/stephanepierre/Downloads/Subway|layername=Subway" }, "geometry": { "type": "Point", "coordinates": [ 998027.357418623752892, 196528.940116767160362 ] } },
{ "type": "Feature", "properties": { "cartodb_id": 341, "layer": "Subway", "path": "/Users/stephanepierre/Downloads/Subway|layername=Subway" }, "geometry": { "type": "Point", "coordinates": [ 998379.703173562069423, 192330.599394110264257 ] } },
{ "type": "Feature", "properties": { "cartodb_id": 342, "layer": "Subway", "path": "/Users/stephanepierre/Downloads/Subway|layername=Subway" }, "geometry": { "type": "Point", "coordinates": [ 997139.44896296504885, 190529.75245886889752 ] } },
{ "type": "Feature", "properties": { "cartodb_id": 343, "layer": "Subway", "path": "/Users/stephanepierre/Downloads/Subway|layername=Subway" }, "geometry": { "type": "Point", "coordinates": [ 995323.65424386318773, 190254.148506658850238 ] } },
{ "type": "Feature", "properties": { "cartodb_id": 344, "layer": "Subway", "path": "/Users/stephanepierre/Downloads/Subway|layername=Subway" }, "geometry": { "type": "Point", "coordinates": [ 993446.532480284571648, 189967.726984484033892 ] } },
{ "type": "Feature", "properties": { "cartodb_id": 345, "layer": "Subway", "path": "/Users/stephanepierre/Downloads/Subway|layername=Subway" }, "geometry": { "type": "Point", "coordinates": [ 991079.336334588006139, 189613.541476318583591 ] } },
{ "type": "Feature", "properties": { "cartodb_id": 346, "layer": "Subway", "path": "/Users/stephanepierre/Downloads/Subway|layername=Subway" }, "geometry": { "type": "Point", "coordinates": [ 1029765.581094941822812, 184182.33557059316081 ] } },
{ "type": "Feature", "properties": { "cartodb_id": 347, "layer": "Subway", "path": "/Users/stephanepierre/Downloads/Subway|layername=Subway" }, "geometry": { "type": "Point", "coordinates": [ 1030284.484078588313423, 182775.909829846554203 ] } },
{ "type": "Feature", "properties": { "cartodb_id": 348, "layer": "Subway", "path": "/Users/stephanepierre/Downloads/Subway|layername=Subway" }, "geometry": { "type": "Point", "coordinates": [ 1031332.20246696297545, 179951.453977379511343 ] } },
{ "type": "Feature", "properties": { "cartodb_id": 349, "layer": "Subway", "path": "/Users/stephanepierre/Downloads/Subway|layername=Subway" }, "geometry": { "type": "Point", "coordinates": [ 1035360.651357310009189, 160980.297677630471298 ] } },
{ "type": "Feature", "properties": { "cartodb_id": 350, "layer": "Subway", "path": "/Users/stephanepierre/Downloads/Subway|layername=Subway" }, "geometry": { "type": "Point", "coordinates": [ 1040651.245513678179123, 154632.680318562459433 ] } },
{ "type": "Feature", "properties": { "cartodb_id": 351, "layer": "Subway", "path": "/Users/stephanepierre/Downloads/Subway|layername=Subway" }, "geometry": { "type": "Point", "coordinates": [ 1042983.493475169991143, 155165.386229919997277 ] } },
{ "type": "Feature", "properties": { "cartodb_id": 352, "layer": "Subway", "path": "/Users/stephanepierre/Downloads/Subway|layername=Subway" }, "geometry": { "type": "Point", "coordinates": [ 1046457.061586744035594, 155381.3319714422978 ] } },
{ "type": "Feature", "properties": { "cartodb_id": 353, "layer": "Subway", "path": "/Users/stephanepierre/Downloads/Subway|layername=Subway" }, "geometry": { "type": "Point", "coordinates": [ 1048631.506108743604273, 156281.417858944187174 ] } },
{ "type": "Feature", "properties": { "cartodb_id": 355, "layer": "Subway", "path": "/Users/stephanepierre/Downloads/Subway|layername=Subway" }, "geometry": { "type": "Point", "coordinates": [ 1052169.181446642614901, 159423.168142323265783 ] } },
{ "type": "Feature", "properties": { "cartodb_id": 356, "layer": "Subway", "path": "/Users/stephanepierre/Downloads/Subway|layername=Subway" }, "geometry": { "type": "Point", "coordinates": [ 1036010.607947595184669, 153568.355104595044395 ] } },
{ "type": "Feature", "properties": { "cartodb_id": 357, "layer": "Subway", "path": "/Users/stephanepierre/Downloads/Subway|layername=Subway" }, "geometry": { "type": "Point", "coordinates": [ 1034091.473566279164515, 152570.824794361513341 ] } },
{ "type": "Feature", "properties": { "cartodb_id": 358, "layer": "Subway", "path": "/Users/stephanepierre/Downloads/Subway|layername=Subway" }, "geometry": { "type": "Point", "coordinates": [ 1032148.398130867746659, 151802.560210587631445 ] } },
{ "type": "Feature", "properties": { "cartodb_id": 359, "layer": "Subway", "path": "/Users/stephanepierre/Downloads/Subway|layername=Subway" }, "geometry": { "type": "Point", "coordinates": [ 1029918.678675018833019, 150958.13079302481492 ] } },
{ "type": "Feature", "properties": { "cartodb_id": 360, "layer": "Subway", "path": "/Users/stephanepierre/Downloads/Subway|layername=Subway" }, "geometry": { "type": "Point", "coordinates": [ 1031860.444379693712108, 194531.508212784654461 ] } },
{ "type": "Feature", "properties": { "cartodb_id": 361, "layer": "Subway", "path": "/Users/stephanepierre/Downloads/Subway|layername=Subway" }, "geometry": { "type": "Point", "coordinates": [ 1029630.166272094123997, 193407.282185509044211 ] } },
{ "type": "Feature", "properties": { "cartodb_id": 362, "layer": "Subway", "path": "/Users/stephanepierre/Downloads/Subway|layername=Subway" }, "geometry": { "type": "Point", "coordinates": [ 1027417.443825834663585, 192587.144441331969574 ] } },
{ "type": "Feature", "properties": { "cartodb_id": 363, "layer": "Subway", "path": "/Users/stephanepierre/Downloads/Subway|layername=Subway" }, "geometry": { "type": "Point", "coordinates": [ 1025408.923375031910837, 192110.389043334289454 ] } },
{ "type": "Feature", "properties": { "cartodb_id": 364, "layer": "Subway", "path": "/Users/stephanepierre/Downloads/Subway|layername=Subway" }, "geometry": { "type": "Point", "coordinates": [ 1023070.962407995131798, 191580.44263244868489 ] } },
{ "type": "Feature", "properties": { "cartodb_id": 365, "layer": "Subway", "path": "/Users/stephanepierre/Downloads/Subway|layername=Subway" }, "geometry": { "type": "Point", "coordinates": [ 1021094.616290419478901, 191172.589873257209547 ] } },
{ "type": "Feature", "properties": { "cartodb_id": 366, "layer": "Subway", "path": "/Users/stephanepierre/Downloads/Subway|layername=Subway" }, "geometry": { "type": "Point", "coordinates": [ 1019594.787118356791325, 190666.489827348093968 ] } },
{ "type": "Feature", "properties": { "cartodb_id": 367, "layer": "Subway", "path": "/Users/stephanepierre/Downloads/Subway|layername=Subway" }, "geometry": { "type": "Point", "coordinates": [ 1019255.837992737186141, 188207.864370716590201 ] } },
{ "type": "Feature", "properties": { "cartodb_id": 368, "layer": "Subway", "path": "/Users/stephanepierre/Downloads/Subway|layername=Subway" }, "geometry": { "type": "Point", "coordinates": [ 1017522.176114576635882, 187555.460508392920019 ] } },
{ "type": "Feature", "properties": { "cartodb_id": 369, "layer": "Subway", "path": "/Users/stephanepierre/Downloads/Subway|layername=Subway" }, "geometry": { "type": "Point", "coordinates": [ 1016247.030184274422936, 187020.730832922970876 ] } },
{ "type": "Feature", "properties": { "cartodb_id": 370, "layer": "Subway", "path": "/Users/stephanepierre/Downloads/Subway|layername=Subway" }, "geometry": { "type": "Point", "coordinates": [ 1014292.755112263024785, 186317.626002805220196 ] } },
{ "type": "Feature", "properties": { "cartodb_id": 371, "layer": "Subway", "path": "/Users/stephanepierre/Downloads/Subway|layername=Subway" }, "geometry": { "type": "Point", "coordinates": [ 1012361.013743054005317, 185939.3222013595514 ] } },
{ "type": "Feature", "properties": { "cartodb_id": 372, "layer": "Subway", "path": "/Users/stephanepierre/Downloads/Subway|layername=Subway" }, "geometry": { "type": "Point", "coordinates": [ 1010735.143909495789558, 186850.501751834817696 ] } },
{ "type": "Feature", "properties": { "cartodb_id": 373, "layer": "Subway", "path": "/Users/stephanepierre/Downloads/Subway|layername=Subway" }, "geometry": { "type": "Point", "coordinates": [ 1009085.211875314125791, 188085.65471118997084 ] } },
{ "type": "Feature", "properties": { "cartodb_id": 374, "layer": "Subway", "path": "/Users/stephanepierre/Downloads/Subway|layername=Subway" }, "geometry": { "type": "Point", "coordinates": [ 1007391.322233161423355, 189350.75320760026807 ] } },
{ "type": "Feature", "properties": { "cartodb_id": 375, "layer": "Subway", "path": "/Users/stephanepierre/Downloads/Subway|layername=Subway" }, "geometry": { "type": "Point", "coordinates": [ 1005806.389963854337111, 190537.007350277912337 ] } },
{ "type": "Feature", "properties": { "cartodb_id": 376, "layer": "Subway", "path": "/Users/stephanepierre/Downloads/Subway|layername=Subway" }, "geometry": { "type": "Point", "coordinates": [ 1003990.478433276410215, 191887.853284698707284 ] } },
{ "type": "Feature", "properties": { "cartodb_id": 377, "layer": "Subway", "path": "/Users/stephanepierre/Downloads/Subway|layername=Subway" }, "geometry": { "type": "Point", "coordinates": [ 983535.525690233334899, 208797.523714820767054 ] } },
{ "type": "Feature", "properties": { "cartodb_id": 378, "layer": "Subway", "path": "/Users/stephanepierre/Downloads/Subway|layername=Subway" }, "geometry": { "type": "Point", "coordinates": [ 985140.614816199755296, 207907.834165750711691 ] } },
{ "type": "Feature", "properties": { "cartodb_id": 379, "layer": "Subway", "path": "/Users/stephanepierre/Downloads/Subway|layername=Subway" }, "geometry": { "type": "Point", "coordinates": [ 986818.99048383301124, 206980.366600680397823 ] } },
{ "type": "Feature", "properties": { "cartodb_id": 382, "layer": "Subway", "path": "/Users/stephanepierre/Downloads/Subway|layername=Subway" }, "geometry": { "type": "Point", "coordinates": [ 996205.431525521911681, 200612.850324678234756 ] } },
{ "type": "Feature", "properties": { "cartodb_id": 383, "layer": "Subway", "path": "/Users/stephanepierre/Downloads/Subway|layername=Subway" }, "geometry": { "type": "Point", "coordinates": [ 998034.85384370572865, 199433.025869350298308 ] } },
{ "type": "Feature", "properties": { "cartodb_id": 384, "layer": "Subway", "path": "/Users/stephanepierre/Downloads/Subway|layername=Subway" }, "geometry": { "type": "Point", "coordinates": [ 999759.617202550172806, 199616.963462736166548 ] } },
{ "type": "Feature", "properties": { "cartodb_id": 385, "layer": "Subway", "path": "/Users/stephanepierre/Downloads/Subway|layername=Subway" }, "geometry": { "type": "Point", "coordinates": [ 1000698.10759347549174, 198656.113050871674204 ] } },
{ "type": "Feature", "properties": { "cartodb_id": 386, "layer": "Subway", "path": "/Users/stephanepierre/Downloads/Subway|layername=Subway" }, "geometry": { "type": "Point", "coordinates": [ 1000926.487344780005515, 197130.815844765194925 ] } },
{ "type": "Feature", "properties": { "cartodb_id": 387, "layer": "Subway", "path": "/Users/stephanepierre/Downloads/Subway|layername=Subway" }, "geometry": { "type": "Point", "coordinates": [ 1002785.330158312455751, 196553.973907776846318 ] } },
{ "type": "Feature", "properties": { "cartodb_id": 388, "layer": "Subway", "path": "/Users/stephanepierre/Downloads/Subway|layername=Subway" }, "geometry": { "type": "Point", "coordinates": [ 1005622.618613570812158, 196722.080742119898787 ] } },
{ "type": "Feature", "properties": { "cartodb_id": 389, "layer": "Subway", "path": "/Users/stephanepierre/Downloads/Subway|layername=Subway" }, "geometry": { "type": "Point", "coordinates": [ 1006867.88354147807695, 195704.542250990547473 ] } },
{ "type": "Feature", "properties": { "cartodb_id": 390, "layer": "Subway", "path": "/Users/stephanepierre/Downloads/Subway|layername=Subway" }, "geometry": { "type": "Point", "coordinates": [ 1008765.573163898894563, 194250.158050377998734 ] } },
{ "type": "Feature", "properties": { "cartodb_id": 391, "layer": "Subway", "path": "/Users/stephanepierre/Downloads/Subway|layername=Subway" }, "geometry": { "type": "Point", "coordinates": [ 1010847.424735067877918, 192717.793071713880636 ] } },
{ "type": "Feature", "properties": { "cartodb_id": 392, "layer": "Subway", "path": "/Users/stephanepierre/Downloads/Subway|layername=Subway" }, "geometry": { "type": "Point", "coordinates": [ 1010860.694318256224506, 190226.518453602824593 ] } },
{ "type": "Feature", "properties": { "cartodb_id": 393, "layer": "Subway", "path": "/Users/stephanepierre/Downloads/Subway|layername=Subway" }, "geometry": { "type": "Point", "coordinates": [ 1010529.410585062461905, 188063.859798281802796 ] } },
{ "type": "Feature", "properties": { "cartodb_id": 394, "layer": "Subway", "path": "/Users/stephanepierre/Downloads/Subway|layername=Subway" }, "geometry": { "type": "Point", "coordinates": [ 1011088.212647685548291, 186616.990382598247379 ] } },
{ "type": "Feature", "properties": { "cartodb_id": 395, "layer": "Subway", "path": "/Users/stephanepierre/Downloads/Subway|layername=Subway" }, "geometry": { "type": "Point", "coordinates": [ 1011129.293136207037605, 185337.875301996275084 ] } },
{ "type": "Feature", "properties": { "cartodb_id": 396, "layer": "Subway", "path": "/Users/stephanepierre/Downloads/Subway|layername=Subway" }, "geometry": { "type": "Point", "coordinates": [ 1011442.957653727266006, 183160.264961676351959 ] } },
{ "type": "Feature", "properties": { "cartodb_id": 397, "layer": "Subway", "path": "/Users/stephanepierre/Downloads/Subway|layername=Subway" }, "geometry": { "type": "Point", "coordinates": [ 1011834.645450196578167, 181219.198215848242398 ] } },
{ "type": "Feature", "properties": { "cartodb_id": 398, "layer": "Subway", "path": "/Users/stephanepierre/Downloads/Subway|layername=Subway" }, "geometry": { "type": "Point", "coordinates": [ 1012208.350943120429292, 179286.862116807023995 ] } },
{ "type": "Feature", "properties": { "cartodb_id": 399, "layer": "Subway", "path": "/Users/stephanepierre/Downloads/Subway|layername=Subway" }, "geometry": { "type": "Point", "coordinates": [ 1012141.570540906162933, 176313.865004500810755 ] } },
{ "type": "Feature", "properties": { "cartodb_id": 400, "layer": "Subway", "path": "/Users/stephanepierre/Downloads/Subway|layername=Subway" }, "geometry": { "type": "Point", "coordinates": [ 1011486.916289421962574, 174885.31886155839311 ] } },
{ "type": "Feature", "properties": { "cartodb_id": 401, "layer": "Subway", "path": "/Users/stephanepierre/Downloads/Subway|layername=Subway" }, "geometry": { "type": "Point", "coordinates": [ 1014856.293301577796228, 198476.759616246679798 ] } },
{ "type": "Feature", "properties": { "cartodb_id": 402, "layer": "Subway", "path": "/Users/stephanepierre/Downloads/Subway|layername=Subway" }, "geometry": { "type": "Point", "coordinates": [ 1013118.632881211349741, 196576.46474154383759 ] } },
{ "type": "Feature", "properties": { "cartodb_id": 403, "layer": "Subway", "path": "/Users/stephanepierre/Downloads/Subway|layername=Subway" }, "geometry": { "type": "Point", "coordinates": [ 1011123.105218097101897, 195931.856001660256879 ] } },
{ "type": "Feature", "properties": { "cartodb_id": 404, "layer": "Subway", "path": "/Users/stephanepierre/Downloads/Subway|layername=Subway" }, "geometry": { "type": "Point", "coordinates": [ 1009830.866976672899909, 195325.305004465306411 ] } },
{ "type": "Feature", "properties": { "cartodb_id": 405, "layer": "Subway", "path": "/Users/stephanepierre/Downloads/Subway|layername=Subway" }, "geometry": { "type": "Point", "coordinates": [ 1008544.164984901202843, 194110.032283380627632 ] } },
{ "type": "Feature", "properties": { "cartodb_id": 406, "layer": "Subway", "path": "/Users/stephanepierre/Downloads/Subway|layername=Subway" }, "geometry": { "type": "Point", "coordinates": [ 1006513.041622627642937, 193829.00472279189853 ] } },
{ "type": "Feature", "properties": { "cartodb_id": 407, "layer": "Subway", "path": "/Users/stephanepierre/Downloads/Subway|layername=Subway" }, "geometry": { "type": "Point", "coordinates": [ 1004382.059453248279169, 193533.126344443444395 ] } },
{ "type": "Feature", "properties": { "cartodb_id": 408, "layer": "Subway", "path": "/Users/stephanepierre/Downloads/Subway|layername=Subway" }, "geometry": { "type": "Point", "coordinates": [ 1002091.816971030784771, 193294.517006167268846 ] } },
{ "type": "Feature", "properties": { "cartodb_id": 409, "layer": "Subway", "path": "/Users/stephanepierre/Downloads/Subway|layername=Subway" }, "geometry": { "type": "Point", "coordinates": [ 1000574.55293318699114, 194405.747549904423067 ] } },
{ "type": "Feature", "properties": { "cartodb_id": 410, "layer": "Subway", "path": "/Users/stephanepierre/Downloads/Subway|layername=Subway" }, "geometry": { "type": "Point", "coordinates": [ 998831.887232077424414, 195719.504303475958295 ] } },
{ "type": "Feature", "properties": { "cartodb_id": 411, "layer": "Subway", "path": "/Users/stephanepierre/Downloads/Subway|layername=Subway" }, "geometry": { "type": "Point", "coordinates": [ 997161.335872789262794, 196811.911976989882533 ] } },
{ "type": "Feature", "properties": { "cartodb_id": 412, "layer": "Subway", "path": "/Users/stephanepierre/Downloads/Subway|layername=Subway" }, "geometry": { "type": "Point", "coordinates": [ 995961.678012517513707, 197353.790143178368453 ] } },
{ "type": "Feature", "properties": { "cartodb_id": 413, "layer": "Subway", "path": "/Users/stephanepierre/Downloads/Subway|layername=Subway" }, "geometry": { "type": "Point", "coordinates": [ 987732.472992423921824, 200978.481066826556344 ] } },
{ "type": "Feature", "properties": { "cartodb_id": 414, "layer": "Subway", "path": "/Users/stephanepierre/Downloads/Subway|layername=Subway" }, "geometry": { "type": "Point", "coordinates": [ 985936.686678268597461, 201694.197960710822372 ] } },
{ "type": "Feature", "properties": { "cartodb_id": 415, "layer": "Subway", "path": "/Users/stephanepierre/Downloads/Subway|layername=Subway" }, "geometry": { "type": "Point", "coordinates": [ 984279.882429444463924, 200896.979464953648858 ] } },
{ "type": "Feature", "properties": { "cartodb_id": 416, "layer": "Subway", "path": "/Users/stephanepierre/Downloads/Subway|layername=Subway" }, "geometry": { "type": "Point", "coordinates": [ 983307.102073672460392, 199130.352419688832015 ] } },
{ "type": "Feature", "properties": { "cartodb_id": 417, "layer": "Subway", "path": "/Users/stephanepierre/Downloads/Subway|layername=Subway" }, "geometry": { "type": "Point", "coordinates": [ 982147.932064212160185, 198085.155547647591447 ] } },
{ "type": "Feature", "properties": { "cartodb_id": 418, "layer": "Subway", "path": "/Users/stephanepierre/Downloads/Subway|layername=Subway" }, "geometry": { "type": "Point", "coordinates": [ 981184.631337435217574, 196665.093334547855193 ] } },
{ "type": "Feature", "properties": { "cartodb_id": 419, "layer": "Subway", "path": "/Users/stephanepierre/Downloads/Subway|layername=Subway" }, "geometry": { "type": "Point", "coordinates": [ 980997.381475485512055, 170647.6467518126301 ] } },
{ "type": "Feature", "properties": { "cartodb_id": 420, "layer": "Subway", "path": "/Users/stephanepierre/Downloads/Subway|layername=Subway" }, "geometry": { "type": "Point", "coordinates": [ 982764.745594657491893, 169307.48080147721339 ] } },
{ "type": "Feature", "properties": { "cartodb_id": 421, "layer": "Subway", "path": "/Users/stephanepierre/Downloads/Subway|layername=Subway" }, "geometry": { "type": "Point", "coordinates": [ 985262.390588885522448, 166923.303060072823428 ] } },
{ "type": "Feature", "properties": { "cartodb_id": 422, "layer": "Subway", "path": "/Users/stephanepierre/Downloads/Subway|layername=Subway" }, "geometry": { "type": "Point", "coordinates": [ 986911.189081776770763, 165403.823210578178987 ] } },
{ "type": "Feature", "properties": { "cartodb_id": 423, "layer": "Subway", "path": "/Users/stephanepierre/Downloads/Subway|layername=Subway" }, "geometry": { "type": "Point", "coordinates": [ 988407.162985713803209, 164215.966419462609338 ] } },
{ "type": "Feature", "properties": { "cartodb_id": 424, "layer": "Subway", "path": "/Users/stephanepierre/Downloads/Subway|layername=Subway" }, "geometry": { "type": "Point", "coordinates": [ 989289.880137221305631, 162177.726946825365303 ] } },
{ "type": "Feature", "properties": { "cartodb_id": 425, "layer": "Subway", "path": "/Users/stephanepierre/Downloads/Subway|layername=Subway" }, "geometry": { "type": "Point", "coordinates": [ 989705.613632198190317, 159302.55226991683594 ] } },
{ "type": "Feature", "properties": { "cartodb_id": 426, "layer": "Subway", "path": "/Users/stephanepierre/Downloads/Subway|layername=Subway" }, "geometry": { "type": "Point", "coordinates": [ 990043.837117463815957, 156952.726553344662534 ] } },
{ "type": "Feature", "properties": { "cartodb_id": 427, "layer": "Subway", "path": "/Users/stephanepierre/Downloads/Subway|layername=Subway" }, "geometry": { "type": "Point", "coordinates": [ 990296.151092345593497, 155221.510872127604671 ] } },
{ "type": "Feature", "properties": { "cartodb_id": 428, "layer": "Subway", "path": "/Users/stephanepierre/Downloads/Subway|layername=Subway" }, "geometry": { "type": "Point", "coordinates": [ 984122.429883481818251, 201002.999701927066781 ] } },
{ "type": "Feature", "properties": { "cartodb_id": 429, "layer": "Subway", "path": "/Users/stephanepierre/Downloads/Subway|layername=Subway" }, "geometry": { "type": "Point", "coordinates": [ 995766.278089295956306, 219373.91540070035262 ] } },
{ "type": "Feature", "properties": { "cartodb_id": 430, "layer": "Subway", "path": "/Users/stephanepierre/Downloads/Subway|layername=Subway" }, "geometry": { "type": "Point", "coordinates": [ 997602.871784156886861, 222687.37311436625896 ] } },
{ "type": "Feature", "properties": { "cartodb_id": 431, "layer": "Subway", "path": "/Users/stephanepierre/Downloads/Subway|layername=Subway" }, "geometry": { "type": "Point", "coordinates": [ 998885.156263379496522, 225029.684479301824467 ] } },
{ "type": "Feature", "properties": { "cartodb_id": 432, "layer": "Subway", "path": "/Users/stephanepierre/Downloads/Subway|layername=Subway" }, "geometry": { "type": "Point", "coordinates": [ 1008613.802573927561752, 221655.778745388321113 ] } },
{ "type": "Feature", "properties": { "cartodb_id": 433, "layer": "Subway", "path": "/Users/stephanepierre/Downloads/Subway|layername=Subway" }, "geometry": { "type": "Point", "coordinates": [ 1007006.521650727139786, 219913.432795066095423 ] } },
{ "type": "Feature", "properties": { "cartodb_id": 434, "layer": "Subway", "path": "/Users/stephanepierre/Downloads/Subway|layername=Subway" }, "geometry": { "type": "Point", "coordinates": [ 1006000.525830443832092, 218644.995256160036661 ] } },
{ "type": "Feature", "properties": { "cartodb_id": 435, "layer": "Subway", "path": "/Users/stephanepierre/Downloads/Subway|layername=Subway" }, "geometry": { "type": "Point", "coordinates": [ 1004886.015292958822101, 216837.29570100113051 ] } },
{ "type": "Feature", "properties": { "cartodb_id": 436, "layer": "Subway", "path": "/Users/stephanepierre/Downloads/Subway|layername=Subway" }, "geometry": { "type": "Point", "coordinates": [ 1003760.82746121136006, 215008.8733245957701 ] } },
{ "type": "Feature", "properties": { "cartodb_id": 437, "layer": "Subway", "path": "/Users/stephanepierre/Downloads/Subway|layername=Subway" }, "geometry": { "type": "Point", "coordinates": [ 1002880.921295504202135, 213579.270973509905161 ] } },
{ "type": "Feature", "properties": { "cartodb_id": 438, "layer": "Subway", "path": "/Users/stephanepierre/Downloads/Subway|layername=Subway" }, "geometry": { "type": "Point", "coordinates": [ 993320.138305863016285, 217136.23781124225934 ] } },
{ "type": "Feature", "properties": { "cartodb_id": 439, "layer": "Subway", "path": "/Users/stephanepierre/Downloads/Subway|layername=Subway" }, "geometry": { "type": "Point", "coordinates": [ 991633.120159777346998, 217919.341846987954341 ] } },
{ "type": "Feature", "properties": { "cartodb_id": 440, "layer": "Subway", "path": "/Users/stephanepierre/Downloads/Subway|layername=Subway" }, "geometry": { "type": "Point", "coordinates": [ 989607.898319148342125, 217865.25020273233531 ] } },
{ "type": "Feature", "properties": { "cartodb_id": 441, "layer": "Subway", "path": "/Users/stephanepierre/Downloads/Subway|layername=Subway" }, "geometry": { "type": "Point", "coordinates": [ 988643.93220123113133, 216129.741301285597729 ] } },
{ "type": "Feature", "properties": { "cartodb_id": 442, "layer": "Subway", "path": "/Users/stephanepierre/Downloads/Subway|layername=Subway" }, "geometry": { "type": "Point", "coordinates": [ 987919.780921294237487, 214224.528844892367488 ] } },
{ "type": "Feature", "properties": { "cartodb_id": 443, "layer": "Subway", "path": "/Users/stephanepierre/Downloads/Subway|layername=Subway" }, "geometry": { "type": "Point", "coordinates": [ 987588.680474264314398, 212364.567401820793748 ] } },
{ "type": "Feature", "properties": { "cartodb_id": 444, "layer": "Subway", "path": "/Users/stephanepierre/Downloads/Subway|layername=Subway" }, "geometry": { "type": "Point", "coordinates": [ 987383.56187586649321, 210880.612285659182817 ] } },
{ "type": "Feature", "properties": { "cartodb_id": 445, "layer": "Subway", "path": "/Users/stephanepierre/Downloads/Subway|layername=Subway" }, "geometry": { "type": "Point", "coordinates": [ 987202.809093982446939, 209353.671507364517311 ] } },
{ "type": "Feature", "properties": { "cartodb_id": 446, "layer": "Subway", "path": "/Users/stephanepierre/Downloads/Subway|layername=Subway" }, "geometry": { "type": "Point", "coordinates": [ 986863.848872149595991, 207325.394023032975383 ] } },
{ "type": "Feature", "properties": { "cartodb_id": 447, "layer": "Subway", "path": "/Users/stephanepierre/Downloads/Subway|layername=Subway" }, "geometry": { "type": "Point", "coordinates": [ 986292.847509785089642, 205355.030577107565477 ] } },
{ "type": "Feature", "properties": { "cartodb_id": 448, "layer": "Subway", "path": "/Users/stephanepierre/Downloads/Subway|layername=Subway" }, "geometry": { "type": "Point", "coordinates": [ 984886.900141720776446, 203169.324310937459813 ] } },
{ "type": "Feature", "properties": { "cartodb_id": 449, "layer": "Subway", "path": "/Users/stephanepierre/Downloads/Subway|layername=Subway" }, "geometry": { "type": "Point", "coordinates": [ 983757.913586631184444, 201419.798155550437514 ] } },
{ "type": "Feature", "properties": { "cartodb_id": 450, "layer": "Subway", "path": "/Users/stephanepierre/Downloads/Subway|layername=Subway" }, "geometry": { "type": "Point", "coordinates": [ 982315.466113739414141, 199144.616706427448662 ] } },
{ "type": "Feature", "properties": { "cartodb_id": 451, "layer": "Subway", "path": "/Users/stephanepierre/Downloads/Subway|layername=Subway" }, "geometry": { "type": "Point", "coordinates": [ 981192.306552565889433, 198192.367159988352796 ] } },
{ "type": "Feature", "properties": { "cartodb_id": 452, "layer": "Subway", "path": "/Users/stephanepierre/Downloads/Subway|layername=Subway" }, "geometry": { "type": "Point", "coordinates": [ 980550.869393334840424, 196936.241585004027002 ] } },
{ "type": "Feature", "properties": { "cartodb_id": 453, "layer": "Subway", "path": "/Users/stephanepierre/Downloads/Subway|layername=Subway" }, "geometry": { "type": "Point", "coordinates": [ 980647.132276984513737, 195430.448893722204957 ] } },
{ "type": "Feature", "properties": { "cartodb_id": 454, "layer": "Subway", "path": "/Users/stephanepierre/Downloads/Subway|layername=Subway" }, "geometry": { "type": "Point", "coordinates": [ 986530.246245359652676, 192156.067264025507029 ] } },
{ "type": "Feature", "properties": { "cartodb_id": 455, "layer": "Subway", "path": "/Users/stephanepierre/Downloads/Subway|layername=Subway" }, "geometry": { "type": "Point", "coordinates": [ 988148.439470966812223, 191456.76239125119173 ] } },
{ "type": "Feature", "properties": { "cartodb_id": 456, "layer": "Subway", "path": "/Users/stephanepierre/Downloads/Subway|layername=Subway" }, "geometry": { "type": "Point", "coordinates": [ 989290.535663763876073, 190894.084871269093128 ] } },
{ "type": "Feature", "properties": { "cartodb_id": 457, "layer": "Subway", "path": "/Users/stephanepierre/Downloads/Subway|layername=Subway" }, "geometry": { "type": "Point", "coordinates": [ 990126.997480024467222, 188355.259847561537754 ] } },
{ "type": "Feature", "properties": { "cartodb_id": 459, "layer": "Subway", "path": "/Users/stephanepierre/Downloads/Subway|layername=Subway" }, "geometry": { "type": "Point", "coordinates": [ 987495.030375848291442, 183684.421615359198768 ] } },
{ "type": "Feature", "properties": { "cartodb_id": 460, "layer": "Subway", "path": "/Users/stephanepierre/Downloads/Subway|layername=Subway" }, "geometry": { "type": "Point", "coordinates": [ 986227.465382229769602, 181704.883090403309325 ] } },
{ "type": "Feature", "properties": { "cartodb_id": 461, "layer": "Subway", "path": "/Users/stephanepierre/Downloads/Subway|layername=Subway" }, "geometry": { "type": "Point", "coordinates": [ 984779.626806741696782, 179876.967576051742071 ] } },
{ "type": "Feature", "properties": { "cartodb_id": 462, "layer": "Subway", "path": "/Users/stephanepierre/Downloads/Subway|layername=Subway" }, "geometry": { "type": "Point", "coordinates": [ 983265.25429193652235, 177963.160326901066583 ] } },
{ "type": "Feature", "properties": { "cartodb_id": 464, "layer": "Subway", "path": "/Users/stephanepierre/Downloads/Subway|layername=Subway" }, "geometry": { "type": "Point", "coordinates": [ 980355.428246139432304, 174292.839542643079767 ] } },
{ "type": "Feature", "properties": { "cartodb_id": 465, "layer": "Subway", "path": "/Users/stephanepierre/Downloads/Subway|layername=Subway" }, "geometry": { "type": "Point", "coordinates": [ 979287.57730030734092, 172942.468499791430077 ] } },
{ "type": "Feature", "properties": { "cartodb_id": 466, "layer": "Subway", "path": "/Users/stephanepierre/Downloads/Subway|layername=Subway" }, "geometry": { "type": "Point", "coordinates": [ 977761.684995734365657, 170612.949607991060475 ] } },
{ "type": "Feature", "properties": { "cartodb_id": 467, "layer": "Subway", "path": "/Users/stephanepierre/Downloads/Subway|layername=Subway" }, "geometry": { "type": "Point", "coordinates": [ 977169.117868571076542, 168709.503148832300212 ] } },
{ "type": "Feature", "properties": { "cartodb_id": 468, "layer": "Subway", "path": "/Users/stephanepierre/Downloads/Subway|layername=Subway" }, "geometry": { "type": "Point", "coordinates": [ 976366.659435623791069, 166139.420584244449856 ] } },
{ "type": "Feature", "properties": { "cartodb_id": 469, "layer": "Subway", "path": "/Users/stephanepierre/Downloads/Subway|layername=Subway" }, "geometry": { "type": "Point", "coordinates": [ 975677.986968257231638, 163930.009875817981083 ] } },
{ "type": "Feature", "properties": { "cartodb_id": 470, "layer": "Subway", "path": "/Users/stephanepierre/Downloads/Subway|layername=Subway" }, "geometry": { "type": "Point", "coordinates": [ 996501.880555596435443, 187239.159511797974119 ] } },
{ "type": "Feature", "properties": { "cartodb_id": 471, "layer": "Subway", "path": "/Users/stephanepierre/Downloads/Subway|layername=Subway" }, "geometry": { "type": "Point", "coordinates": [ 996004.490932586835697, 185117.058356145687867 ] } },
{ "type": "Feature", "properties": { "cartodb_id": 472, "layer": "Subway", "path": "/Users/stephanepierre/Downloads/Subway|layername=Subway" }, "geometry": { "type": "Point", "coordinates": [ 995555.601244916324504, 183503.230500353558455 ] } },
{ "type": "Feature", "properties": { "cartodb_id": 473, "layer": "Subway", "path": "/Users/stephanepierre/Downloads/Subway|layername=Subway" }, "geometry": { "type": "Point", "coordinates": [ 914190.141562052653171, 126191.244736519744038 ] } },
{ "type": "Feature", "properties": { "cartodb_id": 474, "layer": "Subway", "path": "/Users/stephanepierre/Downloads/Subway|layername=Subway" }, "geometry": { "type": "Point", "coordinates": [ 916937.020936341141351, 127573.026466820912901 ] } },
{ "type": "Feature", "properties": { "cartodb_id": 475, "layer": "Subway", "path": "/Users/stephanepierre/Downloads/Subway|layername=Subway" }, "geometry": { "type": "Point", "coordinates": [ 920541.962457873276435, 128675.607373606297188 ] } },
{ "type": "Feature", "properties": { "cartodb_id": 476, "layer": "Subway", "path": "/Users/stephanepierre/Downloads/Subway|layername=Subway" }, "geometry": { "type": "Point", "coordinates": [ 923684.542620866792277, 129680.042823325755307 ] } },
{ "type": "Feature", "properties": { "cartodb_id": 477, "layer": "Subway", "path": "/Users/stephanepierre/Downloads/Subway|layername=Subway" }, "geometry": { "type": "Point", "coordinates": [ 928631.1122681904817, 130796.55059151473688 ] } },
{ "type": "Feature", "properties": { "cartodb_id": 478, "layer": "Subway", "path": "/Users/stephanepierre/Downloads/Subway|layername=Subway" }, "geometry": { "type": "Point", "coordinates": [ 930936.720653326367028, 133766.825316549045965 ] } },
{ "type": "Feature", "properties": { "cartodb_id": 480, "layer": "Subway", "path": "/Users/stephanepierre/Downloads/Subway|layername=Subway" }, "geometry": { "type": "Point", "coordinates": [ 938511.684130871784873, 137732.383633966237539 ] } },
{ "type": "Feature", "properties": { "cartodb_id": 481, "layer": "Subway", "path": "/Users/stephanepierre/Downloads/Subway|layername=Subway" }, "geometry": { "type": "Point", "coordinates": [ 942176.418071480467916, 140141.243682978965808 ] } },
{ "type": "Feature", "properties": { "cartodb_id": 482, "layer": "Subway", "path": "/Users/stephanepierre/Downloads/Subway|layername=Subway" }, "geometry": { "type": "Point", "coordinates": [ 946206.664918884052895, 142017.804387669020798 ] } },
{ "type": "Feature", "properties": { "cartodb_id": 483, "layer": "Subway", "path": "/Users/stephanepierre/Downloads/Subway|layername=Subway" }, "geometry": { "type": "Point", "coordinates": [ 949153.119243017630652, 145186.645564546226524 ] } },
{ "type": "Feature", "properties": { "cartodb_id": 484, "layer": "Subway", "path": "/Users/stephanepierre/Downloads/Subway|layername=Subway" }, "geometry": { "type": "Point", "coordinates": [ 951688.324219601228833, 148232.521964850981021 ] } },
{ "type": "Feature", "properties": { "cartodb_id": 485, "layer": "Subway", "path": "/Users/stephanepierre/Downloads/Subway|layername=Subway" }, "geometry": { "type": "Point", "coordinates": [ 953776.036635761032812, 150228.142407513485523 ] } },
{ "type": "Feature", "properties": { "cartodb_id": 486, "layer": "Subway", "path": "/Users/stephanepierre/Downloads/Subway|layername=Subway" }, "geometry": { "type": "Point", "coordinates": [ 955546.39130817365367, 151911.359608461527387 ] } },
{ "type": "Feature", "properties": { "cartodb_id": 487, "layer": "Subway", "path": "/Users/stephanepierre/Downloads/Subway|layername=Subway" }, "geometry": { "type": "Point", "coordinates": [ 957561.724684692919254, 153824.690397760947235 ] } },
{ "type": "Feature", "properties": { "cartodb_id": 488, "layer": "Subway", "path": "/Users/stephanepierre/Downloads/Subway|layername=Subway" }, "geometry": { "type": "Point", "coordinates": [ 959987.009882051264867, 156650.413458122493466 ] } },
{ "type": "Feature", "properties": { "cartodb_id": 489, "layer": "Subway", "path": "/Users/stephanepierre/Downloads/Subway|layername=Subway" }, "geometry": { "type": "Point", "coordinates": [ 960900.446667444310151, 159019.461087604489876 ] } },
{ "type": "Feature", "properties": { "cartodb_id": 490, "layer": "Subway", "path": "/Users/stephanepierre/Downloads/Subway|layername=Subway" }, "geometry": { "type": "Point", "coordinates": [ 964428.250095080002211, 165647.804918904992519 ] } },
{ "type": "Feature", "properties": { "cartodb_id": 491, "layer": "Subway", "path": "/Users/stephanepierre/Downloads/Subway|layername=Subway" }, "geometry": { "type": "Point", "coordinates": [ 963386.500568935298361, 168051.775444670027355 ] } },
{ "type": "Feature", "properties": { "cartodb_id": 492, "layer": "Subway", "path": "/Users/stephanepierre/Downloads/Subway|layername=Subway" }, "geometry": { "type": "Point", "coordinates": [ 963480.072855699923821, 171343.027881303336471 ] } },
{ "type": "Feature", "properties": { "cartodb_id": 493, "layer": "Subway", "path": "/Users/stephanepierre/Downloads/Subway|layername=Subway" }, "geometry": { "type": "Point", "coordinates": [ 963812.980187206412666, 173819.809486404876225 ] } },
{ "type": "Feature", "properties": { "cartodb_id": 1, "layer": "Subway", "path": "/Users/stephanepierre/Downloads/Subway|layername=Subway" }, "geometry": { "type": "Point", "coordinates": [ 975297.964912159834057, 200423.874673142418033 ] } },
{ "type": "Feature", "properties": { "cartodb_id": 2, "layer": "Subway", "path": "/Users/stephanepierre/Downloads/Subway|layername=Subway" }, "geometry": { "type": "Point", "coordinates": [ 972427.358431028900668, 201393.484756096528145 ] } },
{ "type": "Feature", "properties": { "cartodb_id": 3, "layer": "Subway", "path": "/Users/stephanepierre/Downloads/Subway|layername=Subway" }, "geometry": { "type": "Point", "coordinates": [ 974635.782987036393024, 204135.204567962791771 ] } },
{ "type": "Feature", "properties": { "cartodb_id": 4, "layer": "Subway", "path": "/Users/stephanepierre/Downloads/Subway|layername=Subway" }, "geometry": { "type": "Point", "coordinates": [ 976034.536996327922679, 207083.23355307377642 ] } },
{ "type": "Feature", "properties": { "cartodb_id": 5, "layer": "Subway", "path": "/Users/stephanepierre/Downloads/Subway|layername=Subway" }, "geometry": { "type": "Point", "coordinates": [ 966842.798373063327745, 205929.473545635410119 ] } },
{ "type": "Feature", "properties": { "cartodb_id": 6, "layer": "Subway", "path": "/Users/stephanepierre/Downloads/Subway|layername=Subway" }, "geometry": { "type": "Point", "coordinates": [ 981294.070761614362709, 198345.738220388768241 ] } },
{ "type": "Feature", "properties": { "cartodb_id": 7, "layer": "Subway", "path": "/Users/stephanepierre/Downloads/Subway|layername=Subway" }, "geometry": { "type": "Point", "coordinates": [ 982527.765204178635031, 206364.559779902454466 ] } },
{ "type": "Feature", "properties": { "cartodb_id": 8, "layer": "Subway", "path": "/Users/stephanepierre/Downloads/Subway|layername=Subway" }, "geometry": { "type": "Point", "coordinates": [ 987577.044172375113703, 212358.37212762713898 ] } },
{ "type": "Feature", "properties": { "cartodb_id": 9, "layer": "Subway", "path": "/Users/stephanepierre/Downloads/Subway|layername=Subway" }, "geometry": { "type": "Point", "coordinates": [ 986222.071172028430738, 209918.650247540703276 ] } },
{ "type": "Feature", "properties": { "cartodb_id": 10, "layer": "Subway", "path": "/Users/stephanepierre/Downloads/Subway|layername=Subway" }, "geometry": { "type": "Point", "coordinates": [ 985109.853923793765716, 207904.918350015388569 ] } },
{ "type": "Feature", "properties": { "cartodb_id": 11, "layer": "Subway", "path": "/Users/stephanepierre/Downloads/Subway|layername=Subway" }, "geometry": { "type": "Point", "coordinates": [ 984405.962190062506124, 206845.424426273908466 ] } },
{ "type": "Feature", "properties": { "cartodb_id": 12, "layer": "Subway", "path": "/Users/stephanepierre/Downloads/Subway|layername=Subway" }, "geometry": { "type": "Point", "coordinates": [ 938572.933015558519401, 206746.493886462674709 ] } },
{ "type": "Feature", "properties": { "cartodb_id": 13, "layer": "Subway", "path": "/Users/stephanepierre/Downloads/Subway|layername=Subway" }, "geometry": { "type": "Point", "coordinates": [ 941114.198540310375392, 208716.898497394344304 ] } }
]
}
